-- phpMyAdmin SQL Dump
-- version 5.2.1
-- https://www.phpmyadmin.net/
--
-- Host: localhost
-- Generation Time: Jan 20, 2025 at 05:01 AM
-- Server version: 10.4.28-MariaDB
-- PHP Version: 8.2.4

SET SQL_MODE = "NO_AUTO_VALUE_ON_ZERO";
START TRANSACTION;
SET time_zone = "+00:00";


/*!40101 SET @OLD_CHARACTER_SET_CLIENT=@@CHARACTER_SET_CLIENT */;
/*!40101 SET @OLD_CHARACTER_SET_RESULTS=@@CHARACTER_SET_RESULTS */;
/*!40101 SET @OLD_COLLATION_CONNECTION=@@COLLATION_CONNECTION */;
/*!40101 SET NAMES utf8mb4 */;

--
-- Database: `ambioni`
--

-- --------------------------------------------------------

--
-- Table structure for table `admins`
--

CREATE TABLE `admins` (
  `id` int(11) NOT NULL,
  `username` varchar(50) NOT NULL,
  `password` varchar(255) NOT NULL
) ENGINE=InnoDB DEFAULT CHARSET=utf8mb4 COLLATE=utf8mb4_general_ci;

--
-- Dumping data for table `admins`
--

INSERT INTO `admins` (`id`, `username`, `password`) VALUES
(1, 'admin', 'admin');

-- --------------------------------------------------------

--
-- Table structure for table `comments`
--

CREATE TABLE `comments` (
  `id` int(11) NOT NULL,
  `name` varchar(255) NOT NULL,
  `comment` text NOT NULL,
  `email` varchar(255) NOT NULL,
  `post_id` int(99) NOT NULL,
  `created_at` timestamp NOT NULL DEFAULT current_timestamp() ON UPDATE current_timestamp()
) ENGINE=InnoDB DEFAULT CHARSET=utf8mb4 COLLATE=utf8mb4_general_ci;

--
-- Dumping data for table `comments`
--

INSERT INTO `comments` (`id`, `name`, `comment`, `email`, `post_id`, `created_at`) VALUES
(1, '22222', 'wnfsdifn', 'hello@gmail.com', 1, '2025-01-18 13:39:26'),
(2, 'idjfnsjdfn', 'hello', 'hoo@gmail.com', 1, '2025-01-18 13:50:48'),
(3, 'idjfnsjdfn', 'hello', 'hoo@gmail.com', 1, '2025-01-18 13:50:54'),
(4, 'idjfnsjdfn', 'hello', 'hoo@gmail.com', 1, '2025-01-18 13:50:58'),
(5, '123', 'ტენგო', 'tengo@mgial.com', 10, '2025-01-18 13:53:01'),
(7, 'giorgi tevdoradze', 'kargia', 'giorgitevdoradze@gmail.com', 7, '2025-01-18 17:17:11');

-- --------------------------------------------------------

--
-- Table structure for table `messages`
--

CREATE TABLE `messages` (
  `id` int(11) NOT NULL,
  `sender_name` varchar(255) NOT NULL,
  `sender_email` varchar(255) NOT NULL,
  `message_text` text NOT NULL,
  `sent_at` timestamp NOT NULL DEFAULT current_timestamp()
) ENGINE=InnoDB DEFAULT CHARSET=utf8mb4 COLLATE=utf8mb4_general_ci;

--
-- Dumping data for table `messages`
--

INSERT INTO `messages` (`id`, `sender_name`, `sender_email`, `message_text`, `sent_at`) VALUES
(1, 'Tengo', 'tengo@gmail.com', 'kargi websitia', '2025-01-20 03:33:18'),
(2, 'Tengo', 'tengo@gmail.com', 'kargi websitia', '2025-01-20 03:34:54'),
(3, 'Tengo', 'tengo@gmail.com', 'kargi websitia', '2025-01-20 03:35:39'),
(4, 'Tengo', 'tengo@gmail.com', 'kargi websitia', '2025-01-20 03:35:47'),
(5, 'Tengo', 'tengo@gmail.com', 'kargi websitia', '2025-01-20 03:37:27'),
(6, 'Tengo', 'tengo@gmail.com', 'kargi websitia', '2025-01-20 03:38:15'),
(7, 'Tengo', 'tengo@gmail.com', 'kargi websitia', '2025-01-20 03:38:53');

-- --------------------------------------------------------

--
-- Table structure for table `navs`
--

CREATE TABLE `navs` (
  `id` int(11) NOT NULL,
  `name` varchar(30) NOT NULL,
  `navs_description` text DEFAULT NULL
) ENGINE=InnoDB DEFAULT CHARSET=utf8mb4 COLLATE=utf8mb4_general_ci;

--
-- Dumping data for table `navs`
--

INSERT INTO `navs` (`id`, `name`, `navs_description`) VALUES
(1, 'ქრისტიანობა', 'მართლმადიდებლობა და ქართული დედა ეკლესია\r\n\r\n'),
(2, 'ეკლესია-მონასტრები', 'ქართული ეკლესია-მონასტრები\r\n\r\n'),
(3, 'საზოგადოება', ''),
(4, 'სხვადასხვა', ''),
(5, 'მთავარი თემა', ''),
(6, 'ახალი თაობის აღზრდა', 'ახალი თაობის აღზრდა\r\n'),
(7, 'დღესასწაულები', 'დღესასწაულები\r\n'),
(8, 'ვიდეო', 'ვიდეო'),
(9, 'კონკურსი', 'კონკურსი\r\n'),
(10, 'კულტურა', 'კულტურა\r\n'),
(11, 'პოპულარული', 'პოპულარული\r\nსაეკლესიო ხელოვნება\r\nსოფლის მეურნეობა\r\nფოტორეპორტაჟი\r\nხატები და ფრესკები\r\nჯანმრთელობა'),
(12, 'საეკლესიო ხელოვნება', 'საეკლესიო ხელოვნება\r\n'),
(13, 'სოფლის მეურნეობა', 'სოფლის მეურნეობა\r\n'),
(14, 'ფოტორეპორტაჟი', 'ფოტორეპორტაჟი\r\n'),
(15, 'ხატები და ფრესკები', 'ხატები და ფრესკები');

-- --------------------------------------------------------

--
-- Table structure for table `posts`
--

CREATE TABLE `posts` (
  `id` int(11) NOT NULL,
  `name` varchar(255) NOT NULL,
  `small_description` text NOT NULL,
  `description` text NOT NULL,
  `imgs` text NOT NULL,
  `created_at` timestamp NOT NULL DEFAULT current_timestamp() ON UPDATE current_timestamp(),
  `count` int(11) NOT NULL DEFAULT 0,
  `navs_id` int(11) NOT NULL,
  `video` text DEFAULT NULL
) ENGINE=InnoDB DEFAULT CHARSET=utf8mb4 COLLATE=utf8mb4_general_ci;

--
-- Dumping data for table `posts`
--

INSERT INTO `posts` (`id`, `name`, `small_description`, `description`, `imgs`, `created_at`, `count`, `navs_id`, `video`) VALUES
(1, 'დარიალის სამონასტრო კომპლექსის ', '', 'დარიალის ხეობა ანტიკური ხანის გეოგრაფებისთვისაც კი იყო ცნობილი. უძველესი დროიდან აქ ამიერ და იმიერკავკასიის დამაკავშირებელი გზა გადიოდა. ამ ისტორიულ ადგილზე სამონასტრო კომპლექსის მშენებლობა 2005 წელს დაიწყო. იდეა საქართველოს კათალიკოს-პატრიარქს ილია მეორეს ეკუთვნის.\r\n\r\nმონასტრის მშენებლობისა და გამშვენების ყველა ეტაპზე ჩართულნი არიან აქ მოღვაწე ბერები. მათი უმეტესობა პროფესიონალი ოსტატია, მშენებლობის, მოზაიკის, ქვასთან მუშაობის თუ ჭედურობის საქმეში. პროექტი 12 სხვადასხვა ეკლესიის აშენებას ითვალისწინებს. მშენებლობის პირველი ეტაპი 2011 წელს, მიქაელ და გაბრიელ მთავარანგელოზთა ეკლესიის გახსნით დასრულდა.\r\n\r\nსამონასტრო კომპლექსის მთავარი ტაძარი თავისი პროპორციებით კიდევ ერთ ქართულ ტაძარს იმეორებს, რომელიც XI საუკუნის დასაწყისში ნიკორწმინდაში აიგო. მიუხედავად იმისა, რომ კომპლექსი ახალია, არქიტექტორების გადაწყვეტილებით, ყველა შენობა ნაცრისფერ-ვარდისფერი ქვით აშენდა, რაც მონასტერს სიძველის ეფექტს ანიჭებს.\r\n\r\nმონასტერში გახსნილია ბიბლიოთეკა, ყველის საწარმო და ღვინის უნიკალური მარანი.\r\n\r\nდარიალის ხეობის ბუნება\r\n\r\nმონასტერში ყოველდღიური მსახურება მიმდინარეობს და მისი კარი ყველა სტუმრისთვის ღიაა. კომპლექსის ეზოდან განსაცვიფრებელი ხედი მდინარესა და მის ხეობაზე, უზარმაზარ მთებზე იშლება.', 'https://www.ambioni.ge/wp-content/uploads/marxva-6-696x455.jpg', '2025-01-19 15:51:35', 90, 5, NULL),
(2, 'ბრონქოსპაზმი სიცივეში\r\n', '', 'შეუძლია თუ არა სიცივეს გამოიწვიოს ბრონქოსპაზმი?\r\n\r\nცივ და მშრალ ჰაერს შეუძლია გააღიზიანოს ზედმეტად მგრძნობიარე ბრონქები და გამოიწვიოს ბრონქოსპაზმი.\r\n\r\nრა ხდება ასეთ დროს?\r\n\r\nასეთ დროს ხდება ბრონქის კუნთის შევიწროვება და ლორწოს ჭარბი რაოდენობით გამოყოფა\r\n\r\nროგორი სიმპტომებით ვლინდება სიცივით გამოწვეული ბრონქოსპაზმი?\r\n\r\nჰაერის უკმარისობის შეგრძნებით\r\nხმაურიანი მსტვინავი სუნთქვით (ე.წ ვიზინგით)\r\nშებოჭილობით გულ-მკერდის არეში\r\nხველით\r\n\r\nრა საპროფილაქტიკო ზომები მივიღოთ?\r\n\r\nცივ ამინდში რეკომენდებულია შარფის ტარება, რათა გავათბოთ და დავატენიანოთ ჰაერი შესუნთქვამდე.\r\n\r\nთუკი თქვენ გაქვთ ასთმა, ან ოდესმე სიცივეში გაგივითარდათ ბრონქოსპაზმი – თან ატარეთ სპაზმის მომხსნელი ინჰალატორი.', 'https://www.ambioni.ge/wp-content/uploads/bronqospazmi-696x696.jpg', '2025-01-20 01:21:07', 24, 5, NULL),
(3, 'რა უნდა ვიცოდეთ ვაზის სხვლა-ფორმირების შესახებ', '', 'ვაზის სასიცოცხლო ციკლი, მისი აღმოცენებიდან სიბერემდე მოიცავს მრავალ ფიზიოლოგიურ თუ მეტაბოლიტურ ცვლილებას. აღნიშნული ცვლილებები მრავალ ფაქტორზეა დამოკიდებული. ამ ფაქტორებიდან ზოგი ბიოტურია, ანუ ცოცხალი წარმოშობის, ნაწილი კი-აბიოტური, შესაბამისად არაცოცხალი. აბიოტური ფაქტორებიდან აღსანიშნავია სინათლე, ტემპერატურა, სეზონების ცვლილება.\r\nვაზი და მისი ფენოლოგიური განვითარება ყოველწლიურად მრავალ საინტერესო პროცესს მოიცავს აღმოცენებიდან-სიბერემდე.\r\n\r\n„ფენოლოგია [ბერძ. Phainō-ვუჩვენებ და logos-მოძღვრება] – ბიოლოგიის ნაწილია”, რომელიც სწავლობს მცენარეთა და ცხოველთა სიცოცხლის პერიოდულ მოვლენებს. მევენახეები ფენოლოგიაზე და მცენარის ცვლილებზე დაკვირვებით ცდილობენ გაიგონ, თუ რა სჭირდება მცენარეს, რომ შესაბამისად მოიქცნენ.\r\n\r\nფენოლოგიური საფეხურები სხვადასხვა მკვლევრის მიერ განსხვავებულადაა წარმოდგენილი, ზოგიერთ შემთხვევაში მოიცავს 1-5, 1-7 საფეხურს, ხან კი მეტად დეტალურიცაა. მევენახეობაში ყველაზე ხშირად გამოყენებული შკალა, შემდეგი საფეხურებისგან შედგება:\r\n\r\nკვირტის გაშლა\r\nყვავილობა\r\nგამონასკვა\r\nშეთვალება\r\nსრული სიმწიფე ანუ რთველი.\r\n\r\nრთველის შემდგომ კი იწყება ვაზის ცხოვრებაში შედარებით მშვიდი, მოსვენების პერიოდი, რომლის დროსაც ვაზში სასიცოცხლო პროცესები შენელებულია და მცენარე ახალი გაზაფხულისთვის ემზადება. მევენახეები ფენოლოგიური ფაზების შესაბამისად, სხვადასხვა აგროპროცესებს მიმართავენ. სწორედ მოსვენების პერიოდში კი, მათ წინაშე ვაზის სხვლა-ფორმირების ამოცანა დგება გადასაჭრელი.\r\n\r\nრას მოიცავს ვაზის სხვლა-ფორმირება და რატომ არის ასეთი მნიშვნელოვანი?\r\n\r\nრას უნდა მივაქციოთ ყურადღება ვაზის სხვლის დროს?\r\n\r\nსტატიის სრული ვერსიის სანახავად ეწვიეთ ბმულს – www.srca.gov.ge', 'https://www.ambioni.ge/wp-content/uploads/winadacveTa.jpg', '2025-01-18 14:34:46', 3, 5, NULL),
(4, 'საშობაო ეპისტოლე 2025\r\n', '', 'საშობაო ეპისტოლე\r\n\r\nსრულიად საქართველოს კათოლიკოს-პატრიარქის, მცხეთა-თბილისის მთავარეპისკოპოსის და ბიჭვინთისა და ცხუმ-აფხაზეთის მიტროპოლიტ ილია II-ის\r\n\r\nსაქართველოს წმინდა მართლმადიდებელი ეკლესიის წევრთ, მკვიდრთ ივერიისა და ჩვენი ქვეყნის საზღვრებს გარეთ მცხოვრებ თანამემამულეთ:\r\n\r\n„სიცოცხლის სულის რჯულმა ქრისტე იესოში გამათავისუფლა მე ცოდვისა და სიკვდილის რჯულისაგან“ (რომაელთა 8,2) \r\n\r\nქრისტესმიერ საყვარელნო დანო და ძმანო,\r\n\r\nქრისტე იშვა!\r\n\r\nჭეშმარიტად იშვა სიტყვა ღვთისა,-  უფალი ჩვენი იესო ქრისტე, – „ვის მიერადაც ყოველი შეიქმნა, და არაფერი შექმნილა მის გარეშე, რაც კი შექმნილა“! (იოანე 1.3). „გახარებთ დიად სიხარულს, რომლითაც იხარებს ყოველი ერი, რამეთუ დღეს დავითის ქალაქში დაიბადა … მაცხოვარი”  (ლუკა II, 10-11).\r\n\r\nყველა პრობლემას უკვე ჩვენ ამ სიხარულით ვფარავთ, ამით ვძლევთ ჩვენს სისუსტეებსა და განსაცდელს, ამით ვძლევთ უსამართლობას, მწუხარებასა და ტკივილს.\r\n\r\nმართლაც, რა უნდა იყოს იმაზე მნიშვნელოვანი და დიადი,  როცა თვით ღმერთი შემოდის ჩვენს ცხოვრებასა და ისტორიაში, რათა ჩვენი არსებობის მთავარი მიზნის განხორციელებაში დაგვეხმაროს.\r\n\r\nმაგრამ როგორ შევხვდებით მას, ვითარცა ძენი და ასულნი ღვთისანი, ვითარცა თვისნი მისნი, თუ როგორც მხოლოდ შორეულნი, უცხონი ან, თითქმის მისგან განდგომილნი?\r\n\r\n* * *\r\n\r\nჩვენ უფლის განგებულების განსაკუთრებული გამოვლინებანი ვართ.\r\n\r\nგასაოცარია ყველაფერი, რაც ჩვენს პირველმშობლებამდე შეიქმნა, –   უმცირესი ნაწილაკები იქნება ეს, მცენარეები, ფრინველები, ცხოველები, ზღვის ბინადარნი თუ ციური სხეულები … ისინი დიდი მრავალფეროვნებით, დიდი უნარებით, დიდი თავისებურებებით გამოირჩევიან, მაგრამ მათი მოქმედებები და შესაძლებლობები იყო და არის შეზღუდული. \r\n\r\nმხოლოდ ადამიანი მოიცავს ფიზიკურსა  და სულიერს, მიკრო და მაკრო სამყაროს, და ძალუძს შეიყვაროს იგი, როგორც თავისი ნაწილი ამქვეყნადაც და მარადისობაშიც. \r\n\r\nმხოლოდ ადამიანია ღვთის ხატებად და მსგავსებად შექმნილი, გონიერი, მეტყველი, სიკეთით, თავისუფალი ნებითა და ღვთაებრივი სიყვარულის უნარით დაჯილდოებული არსება; მოწოდებული, შეიცნოს ჭეშმარიტება და ემსახუროს მას. \r\n\r\nღმერთმა იგი იმიტომ დაჰბადა, რომ თავის მარადიულ სიკეთეთა თანაზიარად გაეხადა და ის ნეტარებები განეცადა, რაც უფალს აქვს. ადამიანი ხილული სამყაროს მეფე უნდა ყოფილიყო და, ღმერთს მიმსგავსებულს, სიბრძნითა და სიყვარულით განეგო იგი.   \r\n\r\nჩვენს პირველმშობლებს მთელი თავისი ნებელობა უფლისკენ ჰქონდათ მიმართული და სრულად ღვთისას იზრახავდნენ. ამასთან, მათი სული სულ უფრო მეტად განიმტკიცებდა საღვთო ბუნების თვისებებს – სათნოებებს და ხარობდა ამით.\r\n\r\nროგორც ცნობილია, შემდგომ ბოროტმა ძალამ მოატყუა ისინი, როცა უთხრა: შემოქმედი იმიტომ გიკრძალავთ ხე-ცნობადისას ნაყოფის ჭამას, რომ მისებრ ღმერთი არ გახდეთო.\r\n\r\n სინამდვილეში კი, ჩვენი განღმრთობა სწორედ უფლის ჩანაფიქრი იყო, მაგრამ ამისთვის ადამი და ევა თანდათან უნდა მომზადებულიყვნენ და უფლის მორჩილებით ასულიყვნენ სრულყოფის კიბეზე.\r\n\r\nისინი კი, ჯერ კიდევ სულიერად მოუმწიფებელნი, შეეცადნენ, გატოლებოდნენ მას, ვინც დაჰბადა ისინი და ყველაფერი უშურველად მისცა; თანაც ამის მიღწევა მათ ღმერთისგან განდგომით მოინდომეს და მისი ნების წინააღმდეგ წავიდნენ. ვერ დააფასეს უფლისგან ბოძებული, თვით ანგელოზებზე აღმატებული პატივი, უხილავი ღმერთის თანაშემწეობაზე უარი თქვეს და  მოინდომეს ღმერთად გახდომა.\r\n\r\nცოდვამ აამღვრია და დაასნებოვნა ადამის და ევას შინაგანი სამყარო, რასაც თავისთავად მოჰყვა შესაბამისი შედეგი: სიცოცხლის ნაცვლად მიიღეს სიკვდილი;  ნეტარების ნაცვლად – ტანჯვა და მწუხარება, ძლიერების ნაცვლად – უძლურება… და ერთბაშად დაკარგეს თვითმფლობელობაც და საღვთო ხელმწიფებაც; მათი მორჩილი სტიქიონებიც და ცოცხალი არსებებიც მტრად გაუხდნენ და მარტონი დარჩნენ გარემო სივრცის პირისპირ. \r\n\r\nეს უმძიმესი ცვლილება კი მოხდა იმიტომ, რომ მათი გული ღმერთს განეშორა და შემოქმედის ადგილი ეგოისტურმა ,,მე”-მ დაიკავა.\r\n\r\nამპარტავნება და ეგოიზმი არის უფლისგან განდგომილი ადამიანის მკვეთრი მახასიათებელი. დაცემის შემდეგ ჩვენს პირველმშობლებში თავდაპირველად სწორედ ეს მიდრეკილებები გაჩნდა და მათი პირადი ურთიერთობებიც მყისიერად დაამახინჯა, –  ერთმანეთზე და გარემოზე ზრუნვა, ღმერთზე მინდობა… საკუთარ თავზე  მინდობამ და ეგოცენტრიზმა შეცვალა. \r\n\r\nბოროტი ძალისგან თავსმოხვეული ეს მანკიერება დღემდე ჩვენს მთავარ პრობლემას წარმოადგენს და ამიტომაც არის, რომ, როგორც ერთი ღვთისმეტყველი ამბობს, ჩვენს ცხოვრებაში  სიტყვა “მე”  განსაკუთრებულად დომინირებს.\r\n\r\nეგოისტის ბუნება ისეთია, რომ იგი შეჰხარის  თავის თავს, მოსწონს თავის თავში არსებული ნიჭები, რასაც საკუთარ დამსახურებად მიიჩნევს და გაცნობიერებულად თუ გაუცნობიერებლად ყველგან და ყოველთვის ცდილობს საკუთარი თავის წარმოჩენას, ღმერთი კი დავიწყებული ჰყავს, ან მექანიკურად ახსენებს მის სახელს. \r\n\r\nჩვენ უნდა გავითავისოთ, რომ თუ რაიმე ნიჭი და უნარი გვაქვს, უფლის მიერაა ბოძებული,  ჩვენია მხოლოდ პირადი ნება, რომელიც სწორად უნდა წარვმართოთ. ამასთან, ჩვენი მოწოდებაა, ვიყოთ მოყვასის მსახურნი უფლისკენ სვლაში. იესო ქრისტეც მსახურებისთვის მოვიდა ამქვეყნად და ჩვენც ეს მისია დაგვაკისრა. ასე რომ, ნებისმიერი  სხვა ადამიანისადმი ჩვენი ერთგულება, სიყვარული და თავდადება, არის ჩვენი გადამრჩენელი, ღმერთამდე ჩვენი მიმყვანებელი. \r\n\r\nამიტომაც, სხვა მცნებებთან ერთად, უნდა აღვასრულოთ ერთ-ერთი ყველაზე უპირატესი სწავლება უფლისა, – „შეიყვარე მოყვასი, ვითარცა თავი თვისი“ და უმეტესი ამისა, ახალი მცნება ახალი აღთქმისა, რომელიც მაცხოვრისაგან ასეთი სახით მოგვეცა: „ახალ მცნებას გაძლევთ თქვენ, … როგორც მე შეგიყვარეთ თქვენ, ასევე თქვენც გიყვარდეთ ერთმანეთი“ (იოანე 13.34).\r\n\r\nმხოლოდ ამ გზით შევძლებთ ჩვენი პირადი უდიდესი სასწაულის აღსრულებას, – გულიდან ეგოიზმის გაძევებას და მასში უფლის დავანებას, მხოლოდ ამ საშუალებით მოვიპოვებთ  ზეცის მოქალაქეობას.\r\n\r\n„მე ვარ კარი, ჩემს მიერ თუ ვინმე შევიდეს, ცხონდეს” (იოანე 10,9) – გვასწავლის იესო ქრისტე. \r\n\r\n* * *\r\n\r\nდაცემული ადამიანის თვისებაა სიკვდილის შიშიც. ამიტომაც  ეძებდა და კვლავაც ეძებს იგი სიცოცხლის გახანგრძლივების გზებს, იგონებს სხვადასხვა მეთოდს, რომ შეიქმნას კეთილდღეობის ილუზია, მაგრამ ამაოდ.\r\n\r\n ეს ყოველივე  უფრო დიდი შეცდომების მიზეზი ხდება  და აღრმავებს ჩვენში ისედაც არსებულ სულიერ კრიზისს. \r\n\r\nასეთი პიროვნება ვერ აცნობიერებს, რომ სიკვდილის შიში სინამდვილეში ცოდვებიდან მომდინარეობს, რომ ცოდვას დამონებული სული გაუცნობიერებლად უფრთხის ღმერთთან შეხვედრას და ამიტომაც ძრწის; მაგრამ იმის ნაცვლად, რომ მანკიერებებს განეშოროს და სული განიწმინდოს, ხშირად ნიჰილიზმში ვარდება და ათეიზმს აფარებს თავს (თუმცა ურწმუნოების მიზეზი სხვაც არაერთია). \r\n\r\nასეთი ადამიანებისთვის ცხოვრება პერიოდია დაბადებიდან სიკვდილამდე და  სიკვდილთან ერთად მათთვის მთავრდება ყველაფერი. ამიტომაც მიაჩნიათ, რომ ბოროტება, სიკეთე, ფარისევლობა, ერთგულება, შური, სიყვარული, უზნეობა … ჩვეულებრივი ადამიანური გრძნობებია და რაიმე პასუხისმგებლობას არც კონკრეტული პიროვნების და არც ღვთის წინაშე არ გრძობენ, რადგან არ სწამთ იმქვეყნიური ცხოვრების, არ სწამთ მარადიული ფასეულობების.\r\n\r\n* * *\r\n\r\nდღეს ქრისტე იშვება დედამიწაზე, საოცარი თავმდაბლობითა და უბრალოებით, და მოაქვს სიცოცხლის ნათელი მათთვის, ვისაც სწამს, რომ ღვთის ხატადაა შექმნილი და ესწრაფვის ცხონებას. \r\n\r\nჩვენ ვსაუბრობთ იმ რწმენაზე, რომელიც, ადამიდან მოყოლებული, გადაეცემოდა თაობიდან თაობას პირველ მამათა, მამათმთავართა, წინასწარმეტყველთა, მართალთა … მიერ და გვასწავლიდა, რომ არ ვართ შემთხვევითი არსებები, რომ არ ვართ სიკვდილისთვის გაჩენილნი, არამედ – მარადიული ნეტარებისა და ღმერთთან მყოფობისათვის მოწოდებულნი.\r\n\r\nუფალს ელოდა  სიწმინდით,  სიმართლით  და   სიყვარულით მცხოვრები ჭეშმარიტი სიბრძნისა და სიმართლის მაძიებელი,  ყოველი ადამიანი.  იგი იყო „მოლოდება წარმართთაც“(დაბადება: 49. 10).  \r\n\r\nწარმართთა შორის ღრმად მოაზროვნენი  გრძნობდნენ სულიერ შიმშილს, მათ არ აკმაყოფილებდათ ადამიანთა მიერ შეთხზული გადმოცემები სხვადასხვა „ღმერთზე“, გრძნობდნენ მათ სიყალბეს და ელოდნენ  ჭეშმარიტს, ნამდვილსა და აღმატებულს. \r\n\r\nასე იყო საქართველოშიც. ქრისტიანობის შემოსვლისთანავე ქართველთა უმრავლესობამ  უარყო წარმართობა და  სიხარულით მიეგება ზეციდან უწყებულ სახარებას. ეს იყო ქართველთა ცივილიზაციური მტკიცე არჩევანი, რომელიც   ეროვნული ცნობიერების ნიშან-სვეტად იქცა.\r\n\r\nქრისტე მოგვევლინა ჩვენი სხეულით, ჩვენი ბუნებით და გახდა ჩვენი ცხოვრების მტვირთველი (გარდა ცოდვისა); უჟამო იგი ჟამიერ იქმნა, უხორცო, – ხორციელი, უკვდავი, – მოკვდავი, რათა მსგავსებით მსგავსი გადაერჩინა და თითოეული ჩვენგანისათვის ეთქვა: მიუხედავად ყველაფრისა, ჩემი  ხატება არ არის შენში ბოლომდე წარხოცილი;  ჩემი შესაძლებლობები შენი შესაძლებლობებიცაა და შენთან ერთად მზად ვარ, მონაწილეობა მივიღო შენს ფერისცვალებაში, შენს გადარჩენაში.\r\n\r\nმას ჩვენს რეალობაში შემოაქვს სამოთხის კანონები, –  მცნებები, ზეცის მოქალაქეთა თვისებები, რათა გავაცნობიეროთ ცოდვა ჩვენს ყოფაში და  სინანულით აღვხოცოთ იგი, ამით განვაქარვოთ ჩვენი სიკვდილი და გარდაცვალება მარადიული ნეტარმყოფობის საწყისად ვაქციოთ. \r\n\r\nჩვენ უნდა ვუკვირდებოდეთ ჩვენს სიტყვასა და საქმეს, სინდისის ხმას, საზოგადოებასთან თანაცხოვრებას, საღვთო წიგნებში განცხადებულ ღვთის სიბრძნეს და ბეთლემს შობილი მაცხოვრის მიერ დაარსებული ეკლესიისა და აქ აღსრულებულ საიდუმლოთა მადლით უფლის აღდგომისა და \r\n\r\nამაღლების თანაზიარნი გავხდეთ.\r\n\r\n* * *\r\n\r\n„ქრისტიანობა რჩეულთა ხვედრია: თქვენ კი რჩეულთა მოდგმა ხართ, სამეუფო სამღვდელო, წმინდა ერი, წილხვედრი ხალხი, რათა გამოაცხადოთ მისი სათნოებანი, ვინც სიბნელიდან თვისი საკვირველი ნათლისკენ გიხმოთ“ (I პეტრე, 2,9). \r\n\r\nყოვლადწმინდა ღვთისმშობლის მეოხებით, ღმერთმა შეგვინდოს შეცოდებანნი ჩვენნი და შეგვაძლებინოს, პეტრე მოციქულის ეს სიტყვები ჩვენს ერზე, თითოეულ თქვენგანზე და ჭეშმარიტების გზით  მავალ ყველა ადამიანზე გაცხადდეს. \r\n\r\nკურთხეულია უფლის შობის დიადი საიდუმლოს მხილველი და აღმქმელი თქვენი სულიერი თვალნი.\r\n\r\nკურთხეულია ბეთლემის სასწაულის სულიერად განმცდელი თქვენი გული.\r\n\r\nკურთხეულია თქვენი სასმენელნი, რომელთაც დღესაც ახარებს ანგელოზთა საგალობლის ხმა: „დიდება მაღლთა შინა ღმერთსა, ქვეყანასა ზედა მშვიდობა და კაცთა შორის სათნოება“.\r\n\r\nამ დიდი ძალისა და სიღრმის მქონე ზეციურმა სიტყვებმა დაე, მოიცვას  და ღმერთში გააერთიანოს სრულიად საქართველო, უცხოეთში მყოფი თანამემამულენი და ყოველი კეთილი ნების ადამიანი, რათა მოგვებთან და მწყემსებთან ერთად, გავემართოთ ბეთლემისაკენ, ანთებული სანთლებით მივეახლოთ ყრმა იესოს და კრძალვითა და სიხარულით აღმოვთქვათ: „კურთხეულ არს მომავალი სახელითა უფლისათა, ღმერთი უფალი და გამოგვიჩნდა ჩვენ …, ღმერთი ჩემი ხარ შენ, და აღგამაღლო შენ; ღმერთი ჩემი ხარ შენ, აღგიარო შენ; აღგიარო შენ, რამეთუ ისმინე ჩემი და იქმენ ჩემდა მაცხოვარ“ (ფსალმუნნი 117,23,29).\r\n\r\nსიყვარულით თქვენთვის მლოცველი,\r\n\r\nილია II \r\n\r\nსრულიად საქართველოს კათოლიკოს-პატრიარქი\r\n\r\nთბილისი, \r\n\r\nშობა ქრისტესი \r\n\r\n2024-2025წ.', 'https://www.ambioni.ge/wp-content/uploads/patriarch_ilia_ii.jpg', '2025-01-18 14:35:46', 1, 5, NULL),
(5, 'წმინდა ბასილი დიდის ცხოვრება', '', '14 იანვარი – წმინდა ბასილი დიდის ხსენება\r\n\r\nღირსი მამა ბასილი დიდი, დაახლოებით, 330 წელს კაბადოკიის დედაქალაქ კესარიაში დაიბადა. იგი კეთილშობილებით, სიმდიდრით, ნიჭიერებითა და საღვთო მოშურნეობით ცნობილი გვარის წარმომადგენელი იყო. ბასილი დიდი წმიდანის პაპა და ბებია დიოკლეტიანეს ზეობისას, ქრისტიანთა დევნილობის გამო, 7 წლის განმავლობაში თავს ტყეში აფარებდნენ. წმიდა ბასილის დედა, ემილია, წმინდა მოწამის შვილიშვილი იყო, მამა კი, უფროსი ბასილი, – ნეოკესარიელი ადვოკატი და რიტორიკის ცნობილი მასწავლებელი გახლდათ.\r\n\r\nოჯახში ათი ბავშვი იზრდებოდა – ხუთი ვაჟი და ხუთი ქალი. მათგან ხუთი შემდეგში წმიდანად იქნა შერაცხილი: ბასილი, მაკრინა (ხს. 19 ივლისს) გრიგოლ ნოსელი (ხს 10 იანვარს), პეტრე სებასტიელი (ხს. 9 იანვარს) და ღირსი თეოზვა – დიაკონისა (ხს. 10 იანვარს).\r\n\r\nსიყრმე ბასილიმ მამა-პაპისეულ მამულში გაატარა, პირველდაწყებითი განათლება მამის ხელმძღვანელობით მიიღო, შემდეგ კი საუკეთესო მასწავლებლებთან სწავლობდა კაბადოკიის კესარიაში. წმიდანმა აქ ყველა აღტაცებაში მოიყვანა. გრიგოლ ნაზიანზელი წერდა: „რიტორი იყო რიტორთა შორის უწინარეს საფილოსოფოსოჲსა სწავლისა. და, უზეშთაესიცა ვთქუ, მღვდელ იყო ქრისტიანეთაჲ”. კესარიიდან ბასილი ეწვია კონსტანტინეპოლს და რიტორიკას სწავლობდა ცნობილ ლიბანიოსთან. თავისი განათლება მომავალმა ეპისკოპოსმა გააგრძელა ტრადიციული ფილოსოფიური სკოლებით მდიდარ ქალაქ ათენში. ათენში ღირსი ბასილი დაუმეგობრდა გრიგოლ ღვთისმეტყველს. მათმა მეგობრობამ მთელი ცხოვრების მანძილზე გასტანა. დაახლოებით 357 წელს წმიდა ბასილი კესარიაში დაბრუნდა. ქალაქის მცხოვრებთა დაჟინებული თხოვნით იგი რამდენჯერმე გამოვიდა საჯაროდ და მსმენელები თავისი ორატორული ხელოვნებით აღაფრთოვანა. ოცდახუთი წლის ასაკში გახდა ადვოკატი და რიტორიკის მასწავლებელი, მაგრამ მალე ღვთის სიყვარულით აღსავსე განერიდა ამსოფლიურ საზრუნავებს და მონოზვნური ცხოვრების გზას დაადგა.\r\n\r\nმონაზვნური ცხოვრების წესის გასაცნობად მან იმოგზაურა ეგვიპტეში, სირიასა და პალესტინაში, მოინახულა ღვაწლმოსილი მოსაგრეები და კაბადოკიაში დაბრუნების შემდეგ ცდილობდა მიებაძა მათთვის. მთელი სიმდიდრე წმიდანმა მოწყალებად გასცა და თავის მეგობარ გრიგოლთან ერთად უსაზღვრო თავშეკავებით ცხოვრობდა. მათ კელიებში არ იყო ადგილი ცეცხლის დასანთებად, საზრდელიც ძალზე მწირი ჰქონდათ. ისინი თლიდნენ ქვებს, რგავდნენ და უვლიდნენ ხეებს, ეზიდებოდნენ ტვირთს. მძიმე ფიზიკური შრომის გამო კოჟრები არ სცილდებოდათ ხელებიდან, ამსოფლიური ამაოებისაგან განრიდებული ბასილი და გრიგოლი სწავლობდნენ წმიდა წერილს, ეცნობოდნენ მის განმარტებებს, შეადგინეს კრებული „ფილოკალია” („სიკეთისმოყვარება”). იმავე ხანებში ღირსმა ბასილიმ, ბერების თხოვნით, დაწერა ზნეობრივი ცხოვრების წესების სახელმძღვანელო.', 'https://www.ambioni.ge/wp-content/uploads/basili-didi-1-696x775.jpg', '2025-01-19 15:47:30', 0, 1, NULL),
(6, 'წინადაცვეთა უფლისა ჩვენისა იესო ქრისტესი', '', 'ახალი სტილით 14 იანვარი\r\n\r\nძველი აღთქმის მიხედვით, მამრობითი სქესის ყველა ჩვილ ბავშვს უნდა წინადაეცვითა, უფლისა მამამთავარი აბრაამისა და მისი შთამომავლობისათვის წინადაცვეთა მიცემული აღთქმის მოსაგონებლად (შეს. 17,10-4; ლევ. 12,3). შობიდან მერვე დღეს წინადაიცვითა უფალმა ჩვენმა იესო ქრისტემაც – თვით სჯულის შემოქმედმა აღასრულა სჯულის მოთხოვნა, რომ ჩვენთვის ღვთაებრივი ნების მორჩილების მაგალითი ეჩვენებინა. უფალმა წინადაიცვითა და ამით ცხადად გვიჩვენა, რომ მან ჭეშმარიტად შეისხა ხორცი და განკაცდა. ამ წესის აღსრულების დროს დაერქვა ქრისტეს სახელი იესო, რომელიც ყოვლადწმიდა ქალწულ მარიამს აუწყა მთავარანგელოზმა გაბრიელმა (ლუკა 1,31-33; 2,21). იესო მაცხოვარს ნიშნავს და მიანიშნებს იმაზე, რომ ქრისტე სამყაროს გამოსახსნელად განკაცდა.\r\n\r\nწინადაცვეთა ნათლისღების წინასახეს წარმოადგენდა. ახალ აღთქმაში იგი ნათლობის საიდუმლომ შეცვალა (კოლ. 2,11-12).\r\n\r\nცნობები აღმოსავლეთის ეკლესიაში წინადაცვეთის დღესასწაულის აღნიშვნის შესახებ IV საუკუნიდან მოგვეპოვება. დღესასწაულის კანონი დაწერა ღირსმა სტეფანე საბაიტელმა (ხს. 28 ოქტომბერს).\r\n\r\n“წმიდანთა ცხოვრება”, ტომი I, თბილისი, 2001 წ.', 'https://www.ambioni.ge/wp-content/uploads/winadacveTa.jpg', '2025-01-15 21:19:59', 0, 1, NULL),
(7, 'საკვირაო ქადაგება (12.01.2025)\r\n', '', '12 იანვარს, სამების საკათედრო ტაძარში, სულთმოფენობიდან ოცდამეცხრე, ქრისტესშობის შემდგომ კვირას, მრევლს ქადაგებით მიმართა საპატრიარქო ტახტის მოსაყდრემ, სენაკისა და ჩხოროწყუს მიტროპოლიტმა შიომ (მუჯირი) ქადაგება.\r\n\r\nძვირფასო მამებო, ძმებო და დებო, გილოცავთ დღევანდელ კვირა დღეს. ჯერ კიდევ გრძელდება ის დღეები, ის პერიოდი, რომელსაც საეკლესიო ტიპიკონი ქრისტესშობის შემდგომი დღესასწაულის პერიოდს უწოდებს. ორი ათას წელზე მეტი გავიდა მას შემდეგ, რაც უფალმა იესო ქრისტემ მოიტანა დედამიწაზე თავისი სწავლება, მადლი და ძალა.\r\n\r\nრატომ ხდება, რომ ცხოვრებაში ჯერ კიდევ არის ამდენი ტანჯვა და უბედურება? იმიტომ ხომ არა, რომ მისი სწავლებიდან ჩვენ არ ვიღებთ მთავარს და ყველაზე მნიშვნელოვანს? და იმ საღვთო სიყვარულიდან, რომელიც მან მოიტანა და ჩვენკენ არის მომართული, ჩვენ ვიღებთ ძალიან მცირეს, არ ვეძებთ მას, ნაკლებად ვეძებთ მას და ნაკლებად გვაქვს მისი იმედი, არამედ უფრო იმედს ვამყარებთ ჩვენს ადამიანურ ძალებზე, ამიტომაც ვიტანჯებით.\r\n\r\nმაგრამ ყოველთვის იყვნენ ისეთი ადამიანები, ვისაც ძალიან კარგად ესმოდა, რა მოიტანა ამქვეყნად განკაცებულმა ღმერთმა. გავიხსენოთ თუნდაც აღმოსავლეთიდან მოსული ბრძენი მოგვები. რა მიართვეს მათ უფალს ძღვნად: – ოქრო, გუნდრუკი და მური. ეს არის ყველაზე ძვირფასი და საუკეთესო, რაც კი შეიძლება ადამიანმა ღმერთს მიუტანოს.\r\n\r\nოქრო მოიპოვება მძიმე შრომით მიწიდან, რომ შემდეგ გამოიდნოს და გაბრწყინდეს მთელი თავისი დიდებითა და სისუფთავით. ეს ოქრო ყოველი ადამიანის სულშია, ეს არის ადამიანის შემოქმედებითი ძალების სწრაფვა და აქტივობა, რომელიც მოიპოვება მძიმე შრომითა და ღვაწლით. ეს შემოქმედებითი აქტივობა და სწრაფვა ფერს უცვლის სამყაროს, ადამიანს, განანათლებს მას თავისი უჭკნობი სულიერი მშვენიერებით. აი, რისი სიმბოლოა ოქრო.\r\n\r\nმოგვებმა მიიტანეს ასევე გუნდრუკი. ეს არის სურნელოვანი საკმეველი, რომელიც ყოველთვის სიმაღლისკენ მიისწრაფვის. სიმაღლისკენ სწრაფვაც არის ყოველი ადამიანის სულში, რომ ამაღლდეს, რომ გახდეს ბევრად უკეთესი, ვიდრე ახლა არის. მაშასადამე, გუნდრუკი არის სიმბოლო სიმაღლისაკენ სწრაფვისა და ზეციური სამყაროს ძიებისა.\r\n\r\nმოგვებმა ასევე მიიტანეს უფალთან მური. ეს არის ნივთიერება, რომლისგანაც მზადდებოდა სურნელოვანი ნელსაცხებელი. ძველად ხალხში იყო ასეთი ჩვეულება, რომ სურნელოვან ზეთს ან ნელსაცხებელს სცხებდნენ არა მხოლოდ მიცვალებულებს, არამედ ცოცხლებსაც და ამით გამოხატავდნენ სიყვარულს მათ მიმართ. ჩვენც გვაქვს ასეთი წესი, რომ მიცვალებულის წესის აგების დროს ვიყენებთ სურნელოვან ზეთს, ასევე საფლავზე მიგვაქვს ზეთი, რითაც გამოვხატავთ სიყვარულს. აი, ეს სიყვარული არის საღვთო სიყვარულის ანარეკლი ადამიანში, რომელიც ჩვენში ჩადო ღმერთმა, როცა ქმნიდა ადამიანს. ეს სიყვარული მარადიულია, არასდროს არ კვდება, ის ფერს უცვლის ცხოვრებას და შევყავართ ახალ, მარადიულ, სხვა ცხოვრებაში, იმქვეყნიურ მარადიულ ცხოვრებაში. ეს სიყვარული ყველაზე მეტად გამოავლინა უფალმა იესო ქრისტემ, არავინ სხვამ არასდროს არ გამოავლინა ასეთი სიყვარული. აი, რისი სიმბოლოა მური.\r\n\r\nროგორც გითხარით, ძვირფასო ძმებო და დებო, ჯერ კიდევ არ მომხდარა ქრისტესშობის დიდებული დღესასწაულის წარგზავნა. ჩვენ ჯერ კიდევ გვინათებს ბეთლემის ვარსკვლავი, ჯერ კიდევ ვდგავართ იმ ბაგასთან, სადაც იშვა ჩვილი, შემოქმედი სამყაროსი; ნუ ვიქნებით დამწუხრებულნი, სასოს ნუ წარვიკვეთთ იმის გამო, რომ ვდგავართ ხელცარიელი, იმიტომ რომ, როგორც გითხარით, ყველა ადამიანს შეუძლია უფალს მიართვას ის ძღვენი, რომელიც მიიტანეს იმჟამინდელმა ბრძენმა მოგვებმა, რადგან ეს ყველაფერი არის ჩვენში; მაგრამ ეს ყველაფერი, ეს ყველა თვისება, რისი სიმბოლოც არის ოქრო, გუნდრუკი და მური, ჩვენში უნდა გაიხსნას მუდმივი შრომით, მუდმივი ძალისხმევით, ცხოვრების გამოსწორებით და იმ მადლისა და ძალის შეწევნით, რომელსაც გვაძლევს უფალი ჩვენი იესო ქრისტე.\r\n\r\nკიდევ ერთხელ გილოცავთ დღევანდელ დღესასწაულს. ღმერთმა დაგლოცოთ, გაგაძლიეროთ, შეგვეწიოს წმინდა მეფე დავითი, ფსალმუნთა მთქმელი, წმინდა მოციქული იაკობი, ძმა უფლისა, და მართალი იოსებ დამწინდველი, რომელთა ხსენებასაც დღეს აღვასრულებთ. მათი ლოცვით, უფალმა ინებოს, რომ მოწყალებით მიიღოს ჩვენი ძღვენი და ბაგასთან მდგომ თავის დედას და ჩვენს საერთო დედას, ღვთისმშობელს, მიუთითოს ყოველ ჩვენგანზე, როგორც თავის ძმებსა და დებზე, “რამეთუ ჩვენთვის იშვა ყრმა ახალი, პირველ საუკუნეთა ღმერთი”. ამინ!\r\n\r\nთბილისის ყოვლადწმინდა სამების სახელობის საპატრიარქო ტაძარი\r\n\r\n12.01.2025\r\n\r\nელექტრონული ვერსია მოამზადა თამარ ასათიანმა\r\n\r\nწყარო: საპატრიარქოს უწყებანი', 'https://www.ambioni.ge/wp-content/uploads/shio_mujiri-696x625.jpg', '2025-01-19 13:36:44', 6, 1, NULL),
(8, 'საშობაო ეპისტოლე 2025\r\n', '', 'საშობაო ეპისტოლე\r\n\r\nსრულიად საქართველოს კათოლიკოს-პატრიარქის, მცხეთა-თბილისის მთავარეპისკოპოსის და ბიჭვინთისა და ცხუმ-აფხაზეთის მიტროპოლიტ ილია II-ის\r\n\r\nსაქართველოს წმინდა მართლმადიდებელი ეკლესიის წევრთ, მკვიდრთ ივერიისა და ჩვენი ქვეყნის საზღვრებს გარეთ მცხოვრებ თანამემამულეთ:\r\n\r\n„სიცოცხლის სულის რჯულმა ქრისტე იესოში გამათავისუფლა მე ცოდვისა და სიკვდილის რჯულისაგან“ (რომაელთა 8,2) \r\n\r\nქრისტესმიერ საყვარელნო დანო და ძმანო,\r\n\r\nქრისტე იშვა!\r\n\r\nჭეშმარიტად იშვა სიტყვა ღვთისა,-  უფალი ჩვენი იესო ქრისტე, – „ვის მიერადაც ყოველი შეიქმნა, და არაფერი შექმნილა მის გარეშე, რაც კი შექმნილა“! (იოანე 1.3). „გახარებთ დიად სიხარულს, რომლითაც იხარებს ყოველი ერი, რამეთუ დღეს დავითის ქალაქში დაიბადა … მაცხოვარი”  (ლუკა II, 10-11).\r\n\r\nყველა პრობლემას უკვე ჩვენ ამ სიხარულით ვფარავთ, ამით ვძლევთ ჩვენს სისუსტეებსა და განსაცდელს, ამით ვძლევთ უსამართლობას, მწუხარებასა და ტკივილს.\r\n\r\nმართლაც, რა უნდა იყოს იმაზე მნიშვნელოვანი და დიადი,  როცა თვით ღმერთი შემოდის ჩვენს ცხოვრებასა და ისტორიაში, რათა ჩვენი არსებობის მთავარი მიზნის განხორციელებაში დაგვეხმაროს.\r\n\r\nმაგრამ როგორ შევხვდებით მას, ვითარცა ძენი და ასულნი ღვთისანი, ვითარცა თვისნი მისნი, თუ როგორც მხოლოდ შორეულნი, უცხონი ან, თითქმის მისგან განდგომილნი?\r\n\r\n* * *\r\n\r\nჩვენ უფლის განგებულების განსაკუთრებული გამოვლინებანი ვართ.\r\n\r\nგასაოცარია ყველაფერი, რაც ჩვენს პირველმშობლებამდე შეიქმნა, –   უმცირესი ნაწილაკები იქნება ეს, მცენარეები, ფრინველები, ცხოველები, ზღვის ბინადარნი თუ ციური სხეულები … ისინი დიდი მრავალფეროვნებით, დიდი უნარებით, დიდი თავისებურებებით გამოირჩევიან, მაგრამ მათი მოქმედებები და შესაძლებლობები იყო და არის შეზღუდული. \r\n\r\nმხოლოდ ადამიანი მოიცავს ფიზიკურსა  და სულიერს, მიკრო და მაკრო სამყაროს, და ძალუძს შეიყვაროს იგი, როგორც თავისი ნაწილი ამქვეყნადაც და მარადისობაშიც. \r\n\r\nმხოლოდ ადამიანია ღვთის ხატებად და მსგავსებად შექმნილი, გონიერი, მეტყველი, სიკეთით, თავისუფალი ნებითა და ღვთაებრივი სიყვარულის უნარით დაჯილდოებული არსება; მოწოდებული, შეიცნოს ჭეშმარიტება და ემსახუროს მას. \r\n\r\nღმერთმა იგი იმიტომ დაჰბადა, რომ თავის მარადიულ სიკეთეთა თანაზიარად გაეხადა და ის ნეტარებები განეცადა, რაც უფალს აქვს. ადამიანი ხილული სამყაროს მეფე უნდა ყოფილიყო და, ღმერთს მიმსგავსებულს, სიბრძნითა და სიყვარულით განეგო იგი.   \r\n\r\nჩვენს პირველმშობლებს მთელი თავისი ნებელობა უფლისკენ ჰქონდათ მიმართული და სრულად ღვთისას იზრახავდნენ. ამასთან, მათი სული სულ უფრო მეტად განიმტკიცებდა საღვთო ბუნების თვისებებს – სათნოებებს და ხარობდა ამით.\r\n\r\nროგორც ცნობილია, შემდგომ ბოროტმა ძალამ მოატყუა ისინი, როცა უთხრა: შემოქმედი იმიტომ გიკრძალავთ ხე-ცნობადისას ნაყოფის ჭამას, რომ მისებრ ღმერთი არ გახდეთო.\r\n\r\n სინამდვილეში კი, ჩვენი განღმრთობა სწორედ უფლის ჩანაფიქრი იყო, მაგრამ ამისთვის ადამი და ევა თანდათან უნდა მომზადებულიყვნენ და უფლის მორჩილებით ასულიყვნენ სრულყოფის კიბეზე.\r\n\r\nისინი კი, ჯერ კიდევ სულიერად მოუმწიფებელნი, შეეცადნენ, გატოლებოდნენ მას, ვინც დაჰბადა ისინი და ყველაფერი უშურველად მისცა; თანაც ამის მიღწევა მათ ღმერთისგან განდგომით მოინდომეს და მისი ნების წინააღმდეგ წავიდნენ. ვერ დააფასეს უფლისგან ბოძებული, თვით ანგელოზებზე აღმატებული პატივი, უხილავი ღმერთის თანაშემწეობაზე უარი თქვეს და  მოინდომეს ღმერთად გახდომა.\r\n\r\nცოდვამ აამღვრია და დაასნებოვნა ადამის და ევას შინაგანი სამყარო, რასაც თავისთავად მოჰყვა შესაბამისი შედეგი: სიცოცხლის ნაცვლად მიიღეს სიკვდილი;  ნეტარების ნაცვლად – ტანჯვა და მწუხარება, ძლიერების ნაცვლად – უძლურება… და ერთბაშად დაკარგეს თვითმფლობელობაც და საღვთო ხელმწიფებაც; მათი მორჩილი სტიქიონებიც და ცოცხალი არსებებიც მტრად გაუხდნენ და მარტონი დარჩნენ გარემო სივრცის პირისპირ. \r\n\r\nეს უმძიმესი ცვლილება კი მოხდა იმიტომ, რომ მათი გული ღმერთს განეშორა და შემოქმედის ადგილი ეგოისტურმა ,,მე”-მ დაიკავა.\r\n\r\nამპარტავნება და ეგოიზმი არის უფლისგან განდგომილი ადამიანის მკვეთრი მახასიათებელი. დაცემის შემდეგ ჩვენს პირველმშობლებში თავდაპირველად სწორედ ეს მიდრეკილებები გაჩნდა და მათი პირადი ურთიერთობებიც მყისიერად დაამახინჯა, –  ერთმანეთზე და გარემოზე ზრუნვა, ღმერთზე მინდობა… საკუთარ თავზე  მინდობამ და ეგოცენტრიზმა შეცვალა. \r\n\r\nბოროტი ძალისგან თავსმოხვეული ეს მანკიერება დღემდე ჩვენს მთავარ პრობლემას წარმოადგენს და ამიტომაც არის, რომ, როგორც ერთი ღვთისმეტყველი ამბობს, ჩვენს ცხოვრებაში  სიტყვა “მე”  განსაკუთრებულად დომინირებს.\r\n\r\nეგოისტის ბუნება ისეთია, რომ იგი შეჰხარის  თავის თავს, მოსწონს თავის თავში არსებული ნიჭები, რასაც საკუთარ დამსახურებად მიიჩნევს და გაცნობიერებულად თუ გაუცნობიერებლად ყველგან და ყოველთვის ცდილობს საკუთარი თავის წარმოჩენას, ღმერთი კი დავიწყებული ჰყავს, ან მექანიკურად ახსენებს მის სახელს. \r\n\r\nჩვენ უნდა გავითავისოთ, რომ თუ რაიმე ნიჭი და უნარი გვაქვს, უფლის მიერაა ბოძებული,  ჩვენია მხოლოდ პირადი ნება, რომელიც სწორად უნდა წარვმართოთ. ამასთან, ჩვენი მოწოდებაა, ვიყოთ მოყვასის მსახურნი უფლისკენ სვლაში. იესო ქრისტეც მსახურებისთვის მოვიდა ამქვეყნად და ჩვენც ეს მისია დაგვაკისრა. ასე რომ, ნებისმიერი  სხვა ადამიანისადმი ჩვენი ერთგულება, სიყვარული და თავდადება, არის ჩვენი გადამრჩენელი, ღმერთამდე ჩვენი მიმყვანებელი. \r\n\r\nამიტომაც, სხვა მცნებებთან ერთად, უნდა აღვასრულოთ ერთ-ერთი ყველაზე უპირატესი სწავლება უფლისა, – „შეიყვარე მოყვასი, ვითარცა თავი თვისი“ და უმეტესი ამისა, ახალი მცნება ახალი აღთქმისა, რომელიც მაცხოვრისაგან ასეთი სახით მოგვეცა: „ახალ მცნებას გაძლევთ თქვენ, … როგორც მე შეგიყვარეთ თქვენ, ასევე თქვენც გიყვარდეთ ერთმანეთი“ (იოანე 13.34).\r\n\r\nმხოლოდ ამ გზით შევძლებთ ჩვენი პირადი უდიდესი სასწაულის აღსრულებას, – გულიდან ეგოიზმის გაძევებას და მასში უფლის დავანებას, მხოლოდ ამ საშუალებით მოვიპოვებთ  ზეცის მოქალაქეობას.\r\n\r\n„მე ვარ კარი, ჩემს მიერ თუ ვინმე შევიდეს, ცხონდეს” (იოანე 10,9) – გვასწავლის იესო ქრისტე. \r\n\r\n* * *\r\n\r\nდაცემული ადამიანის თვისებაა სიკვდილის შიშიც. ამიტომაც  ეძებდა და კვლავაც ეძებს იგი სიცოცხლის გახანგრძლივების გზებს, იგონებს სხვადასხვა მეთოდს, რომ შეიქმნას კეთილდღეობის ილუზია, მაგრამ ამაოდ.\r\n\r\n ეს ყოველივე  უფრო დიდი შეცდომების მიზეზი ხდება  და აღრმავებს ჩვენში ისედაც არსებულ სულიერ კრიზისს. \r\n\r\nასეთი პიროვნება ვერ აცნობიერებს, რომ სიკვდილის შიში სინამდვილეში ცოდვებიდან მომდინარეობს, რომ ცოდვას დამონებული სული გაუცნობიერებლად უფრთხის ღმერთთან შეხვედრას და ამიტომაც ძრწის; მაგრამ იმის ნაცვლად, რომ მანკიერებებს განეშოროს და სული განიწმინდოს, ხშირად ნიჰილიზმში ვარდება და ათეიზმს აფარებს თავს (თუმცა ურწმუნოების მიზეზი სხვაც არაერთია). \r\n\r\nასეთი ადამიანებისთვის ცხოვრება პერიოდია დაბადებიდან სიკვდილამდე და  სიკვდილთან ერთად მათთვის მთავრდება ყველაფერი. ამიტომაც მიაჩნიათ, რომ ბოროტება, სიკეთე, ფარისევლობა, ერთგულება, შური, სიყვარული, უზნეობა … ჩვეულებრივი ადამიანური გრძნობებია და რაიმე პასუხისმგებლობას არც კონკრეტული პიროვნების და არც ღვთის წინაშე არ გრძობენ, რადგან არ სწამთ იმქვეყნიური ცხოვრების, არ სწამთ მარადიული ფასეულობების.\r\n\r\n* * *\r\n\r\nდღეს ქრისტე იშვება დედამიწაზე, საოცარი თავმდაბლობითა და უბრალოებით, და მოაქვს სიცოცხლის ნათელი მათთვის, ვისაც სწამს, რომ ღვთის ხატადაა შექმნილი და ესწრაფვის ცხონებას. \r\n\r\nჩვენ ვსაუბრობთ იმ რწმენაზე, რომელიც, ადამიდან მოყოლებული, გადაეცემოდა თაობიდან თაობას პირველ მამათა, მამათმთავართა, წინასწარმეტყველთა, მართალთა … მიერ და გვასწავლიდა, რომ არ ვართ შემთხვევითი არსებები, რომ არ ვართ სიკვდილისთვის გაჩენილნი, არამედ – მარადიული ნეტარებისა და ღმერთთან მყოფობისათვის მოწოდებულნი.\r\n\r\nუფალს ელოდა  სიწმინდით,  სიმართლით  და   სიყვარულით მცხოვრები ჭეშმარიტი სიბრძნისა და სიმართლის მაძიებელი,  ყოველი ადამიანი.  იგი იყო „მოლოდება წარმართთაც“(დაბადება: 49. 10).  \r\n\r\nწარმართთა შორის ღრმად მოაზროვნენი  გრძნობდნენ სულიერ შიმშილს, მათ არ აკმაყოფილებდათ ადამიანთა მიერ შეთხზული გადმოცემები სხვადასხვა „ღმერთზე“, გრძნობდნენ მათ სიყალბეს და ელოდნენ  ჭეშმარიტს, ნამდვილსა და აღმატებულს. \r\n\r\nასე იყო საქართველოშიც. ქრისტიანობის შემოსვლისთანავე ქართველთა უმრავლესობამ  უარყო წარმართობა და  სიხარულით მიეგება ზეციდან უწყებულ სახარებას. ეს იყო ქართველთა ცივილიზაციური მტკიცე არჩევანი, რომელიც   ეროვნული ცნობიერების ნიშან-სვეტად იქცა.\r\n\r\nქრისტე მოგვევლინა ჩვენი სხეულით, ჩვენი ბუნებით და გახდა ჩვენი ცხოვრების მტვირთველი (გარდა ცოდვისა); უჟამო იგი ჟამიერ იქმნა, უხორცო, – ხორციელი, უკვდავი, – მოკვდავი, რათა მსგავსებით მსგავსი გადაერჩინა და თითოეული ჩვენგანისათვის ეთქვა: მიუხედავად ყველაფრისა, ჩემი  ხატება არ არის შენში ბოლომდე წარხოცილი;  ჩემი შესაძლებლობები შენი შესაძლებლობებიცაა და შენთან ერთად მზად ვარ, მონაწილეობა მივიღო შენს ფერისცვალებაში, შენს გადარჩენაში.\r\n\r\nმას ჩვენს რეალობაში შემოაქვს სამოთხის კანონები, –  მცნებები, ზეცის მოქალაქეთა თვისებები, რათა გავაცნობიეროთ ცოდვა ჩვენს ყოფაში და  სინანულით აღვხოცოთ იგი, ამით განვაქარვოთ ჩვენი სიკვდილი და გარდაცვალება მარადიული ნეტარმყოფობის საწყისად ვაქციოთ. \r\n\r\nჩვენ უნდა ვუკვირდებოდეთ ჩვენს სიტყვასა და საქმეს, სინდისის ხმას, საზოგადოებასთან თანაცხოვრებას, საღვთო წიგნებში განცხადებულ ღვთის სიბრძნეს და ბეთლემს შობილი მაცხოვრის მიერ დაარსებული ეკლესიისა და აქ აღსრულებულ საიდუმლოთა მადლით უფლის აღდგომისა და \r\n\r\nამაღლების თანაზიარნი გავხდეთ.\r\n\r\n* * *\r\n\r\n„ქრისტიანობა რჩეულთა ხვედრია: თქვენ კი რჩეულთა მოდგმა ხართ, სამეუფო სამღვდელო, წმინდა ერი, წილხვედრი ხალხი, რათა გამოაცხადოთ მისი სათნოებანი, ვინც სიბნელიდან თვისი საკვირველი ნათლისკენ გიხმოთ“ (I პეტრე, 2,9). \r\n\r\nყოვლადწმინდა ღვთისმშობლის მეოხებით, ღმერთმა შეგვინდოს შეცოდებანნი ჩვენნი და შეგვაძლებინოს, პეტრე მოციქულის ეს სიტყვები ჩვენს ერზე, თითოეულ თქვენგანზე და ჭეშმარიტების გზით  მავალ ყველა ადამიანზე გაცხადდეს. \r\n\r\nკურთხეულია უფლის შობის დიადი საიდუმლოს მხილველი და აღმქმელი თქვენი სულიერი თვალნი.\r\n\r\nკურთხეულია ბეთლემის სასწაულის სულიერად განმცდელი თქვენი გული.\r\n\r\nკურთხეულია თქვენი სასმენელნი, რომელთაც დღესაც ახარებს ანგელოზთა საგალობლის ხმა: „დიდება მაღლთა შინა ღმერთსა, ქვეყანასა ზედა მშვიდობა და კაცთა შორის სათნოება“.\r\n\r\nამ დიდი ძალისა და სიღრმის მქონე ზეციურმა სიტყვებმა დაე, მოიცვას  და ღმერთში გააერთიანოს სრულიად საქართველო, უცხოეთში მყოფი თანამემამულენი და ყოველი კეთილი ნების ადამიანი, რათა მოგვებთან და მწყემსებთან ერთად, გავემართოთ ბეთლემისაკენ, ანთებული სანთლებით მივეახლოთ ყრმა იესოს და კრძალვითა და სიხარულით აღმოვთქვათ: „კურთხეულ არს მომავალი სახელითა უფლისათა, ღმერთი უფალი და გამოგვიჩნდა ჩვენ …, ღმერთი ჩემი ხარ შენ, და აღგამაღლო შენ; ღმერთი ჩემი ხარ შენ, აღგიარო შენ; აღგიარო შენ, რამეთუ ისმინე ჩემი და იქმენ ჩემდა მაცხოვარ“ (ფსალმუნნი 117,23,29).\r\n\r\nსიყვარულით თქვენთვის მლოცველი,\r\n\r\nილია II \r\n\r\nსრულიად საქართველოს კათოლიკოს-პატრიარქი\r\n\r\nთბილისი, \r\n\r\nშობა ქრისტესი \r\n\r\n2024-2025წ.', 'https://www.ambioni.ge/wp-content/uploads/patriarch_ilia_ii.jpg', '2025-01-15 21:28:44', 0, 1, NULL),
(9, 'შობა მაცხოვრისა – ტროპარ-კონდაკი\r\n', '', 'ტროპარი: შობამან შენმან ქრისტე ღმერთო, აღმოუბრწყინვა სოფელსა ნათელი მეცნიერებისა, რამეთუ, რომელნი ვარსკულავსა მსახურებენ, ვარსკულავისაგან ისწავეს თაყუანის-ცემაჲ შენი, მზეო სიმართლისაო, რომელი აღმობრწყინდი მაღლით აღმოსავალთად, უფალო დიდება შენდა.\r\n\r\nკონდაკი: ქალწული დღეს არსებად უზესთაესსა შობს ჩვენთვის, და ქუეყანა ქვაბსა შეუხებელსა შესწირვენ, ანგელოსნი მწყემსთა-თანა დიდების მეტყუელებენ, ხოლო მოგვნი ვარკულავისა-თანა მოზაურობენ, რამეთუ ჩუენთვის იშვა ყრმა ახალი, პირველ საუკუნეთა ღმერთი.', 'https://www.ambioni.ge/wp-content/uploads/shoba_macxovrisa.jpg', '2025-01-18 05:52:07', 2, 1, NULL),
(10, 'ალილოობა საქართველოში\r\n', '', '“დიდება მაღალთა შინა ღმერთსა, და ქვეყნასა ზედა მშვიდობა და კაცთა შორის სათნოება“\r\n\r\n„და მწყემსნი იყვნეს მასვე სოფელსა, ველთა დგებოდეს და ჴუმილვიდეს საჴუმილავსა ღამისასა სამწყოსოსა მათსა. და აჰა ანგელოზი უფლისაჲ დაადგრა მათ ზედა, და დიდებაჲ უფლისაჲ გამოუბრწყინდა მათ, და შეეშინა მათ შიშითა დიდითა. და ჰრქუა მათ ანგელოზმან მან უფლისამან: ნუ გეშინინ, რამეთუ აჰა ესერა გახარებ თქუენ სიხარულსა დიდსა, რომელი იყოს ყოვლისა ერისა: რამეთუ იშვა დღეს თქუენდა მაცხოვარი, რომელ არს ქრისტე უფალი, ქალაქსა დავითისსა. და ესე იყოს თქუენდა სასწაულად: ჰპოოთ ყრმაჲ იგი შეხუეული და მწოლარე ბაგასა. და მეყსეულად იყო ანგელოზისა მის თანა სიმრავლე ერთა ცისათაჲ, აქებდეს ღმერთსა და იტყოდეს: დიდებაჲ მაღალთა შინა ღმერთსა, და ქუეყანასა ზედა მშჳდობაჲ, და კაცთა შორის სათნოებაჲ. და იყო ვითარცა აღვიდეს ანგელოზნი იგი ზეცად, მწყემსთა მათ თქუეს ურთიერთას: განვიდეთ ჩუენ ვიდრე ბეთლემადმდე და ვიხილოთ სიტყუაჲ ესე, რომელი იყო ჩუენდა მომართ, რომელი-იგი უფალმან მაუწყა ჩუენ. და მოვიდეს მსწრაფლ და პოვეს მარიამ და იოსებ და ყრმაჲ იგი, მწოლარე ბაგასა. და ვითარცა იხილეს, გულისჴმა-ყვეს სიტყუაჲ იგი, რომელი ითქუა მათა მიმართ ყრმისა მისთჳს. და ყოველთა, რომელთა ესმოდა, უკჳრდა სიტყუაჲ იგი მწყემსთაჲ მათ მათდა მიმართ. ხოლო მარიამს დაემარხნეს სიტყუანი ესე და დაედვა გულსა თჳსსა. და მიიქცეს და წარვიდეს მწყემსნი იგი, ადიდებდეს და აქებდეს ღმერთსა ამას ყოველსა ზედა, რომელი ესმა და იხილეს, ვითარცა-იგი ითქუნეს მათდა მიმართ“ (ლუკა 2, 8-20).\r\n\r\nყოველი შობის ღამეს, ალბათ ვარსკვლავის გამოჩენისა და ღვთისმსახურების დასრულების შემდეგ მოციქულების წინამორბედი, ქრისტეს მახარებელი მწყემსები შორეული წარსულიდან აქამომდე მთელ ერს ამცნობდნენ იმ უდიდესი საიდუმლოს განხორციელებას, რასაც იესო ქრისტეს განკაცება ჰქვია. მწყემსებად გამოწყობილი ჩვენი წინაპარი ზრდასრული მამაკაცები თუ ჩვენი თანამედროვე ახალგაზრდა ყმაწვილები ალილოს გალობით, როგორც ამ ხალხურ სიმღერას ხალხში უწოდებდნენ, თვითოეული თანასოფლელის კარმიდამოს მოივლიდნენ და მოუთმენლად მომლოდინე მასპინძლებს ღვთის სადიდებელს – ალილოს (ალილუია – ვადიდოთ ღმერთი) – მთელი ქვეყნის გასაგონად, მაღალ ხმაზე უგალობდნენ:\r\n\r\n„ალილო და აქა ალილო,\r\nალილო და აქა შობა,\r\nღმერთმა ბევრი გაგითენოთ\r\nშობა-ახალწელიწადი.\r\nოცდახუთსა ამთვესაო,\r\nქრისტე იშვა ბეთლემსაო,\r\nჩიტი შემოჯდა ღობესა,\r\nიძახის ქრისტეშობასა.\r\nჩვენ მათხოვრები არა ვართ,\r\nვართ ქრისტეს მახარობლები,\r\nალილო და აქა შობა,\r\nაქა ალილო“ (მესხეთი)\r\n\r\n„ოცდახუთსა ამ თვესაო,\r\nქრისტე იშვა ბეთლემსაო,\r\nთქვენ გვაჩუქეთ გროშებიო,\r\nდაგელოცოთ ბოვშვებიო“ (სამეგრელო)\r\n\r\n„ოცდახუთსა და რამდენსა შობა გათენებულაო,\r\nშობის მადლი შეგეწიოთ, ქრისტე დაბადებულაო,\r\nეს სახლი ვინ ააშენა, ვინ დახურა მუხის გული?\r\nამშენებლის დედა ცხონდეს, დამხურავის მამის სული.\r\n„კოშკიდან“ გადავიხედე, ერბო გიდგათ ქილებითა,\r\nალათასა, ბალათასა, კვერხცი უნდა კალათასა,\r\nაქა ღორი დაკლულიო, ნაყელარი ჩვენიაო, ნასამედი თქვენიაო.\r\nპატარძალო ჩვენო ლხინო, მარნის კარი გიჭრიალებს,\r\nმარნის ქოცო აგვიხადე, ყელი ჩაგვიმაჭრიანე“ (კახეთი)\r\nვინ მოსთვლის რამდენი საუკუნე ქართველი ამ საოცარი ამბით, სიხარულითა და ვარსკვლავით განათებულ ღამეში უხვად: ფულით, ფქვილით, ერბოთი, თხილ-კაკლით, საშობაოდ დაკლული ღორის ხორცით, ყოველივე იმით, რაც მოეპოვებოდა და რა თქმა უნდა, კვერცხით, აჯილდოვებდა მეალილოებს, შობის სიმბოლოთი, რომელიც სულ მალე, აღდგომას, ქრისტეს ჯვარცმის ნიშნად წითლად შეიღებებოდა და მეჭონეებს, ქრისტეს აღდგომის მახარობლებს მიერთმეოდა. კვერცხით, რომელიც ოდითგან საუცხოო საჩუქრად ითვლებოდა. და ვაი, მას ვინც ძღვენს დაინანებდა (მეალილოეთა ძღვნის გარეშე გაშვება ხალხში ფუძის უბარაქობისა და ზიანის მომტანად ითვლებოდა) იმ მწყემსთათვის, რომლებიც ღვთისა და ანგელოზებისაგან დამოძღვრილ სახარებისეულ წინაპრებს განასახიერებდნენ, ვისაც მთელი ქვეყნისათვის ღვთისა და ანგელოზების ნებით დიდი საიდუმლო, მომავალი, მარადიული, მარადიული ხსნის საწინდარი უნდა გაენდოთ. ამას გარდა, ქრისტიანი ქართველი მოსულში, ყოველ სტუმარში, მათ შორის ყოველ მეალილოეში ღმერთს ხედავდა, რომელთათვის მირთმეული ძღვენი შესაწირიც იყო და საჩუქარიც, დიდებაც და თაყვანისცემაც.\r\n\r\nამ ღამეს ქრისტეშობის სიხარულს, როგორც ბეთლების გამოქვაბული, ვეღარ იტევდა ტაძარი, მწყემსებთან ერთად გამოდიოდა გარეთ, მწყემსების მეშვეობით თვითოეულ მოკვდავამდე მიდიოდა და ეს სიხარული ქრისტეს ხორციელი მოვლინებით განცდილი ყველას ერთ მრევლად, ქრისტეს მიწიერ სხეულად, ეკლესიად აქცევდა.\r\n\r\nშუასაუკუნეების გადმოცემის თანხმად, შობას იერიქონში ვარდები იშლებოდნენ დეკემბერში, შიომღვიმეში ტაძრის კედელთან ამოსული წითელი ვარდის კოკრები, თითქოსდა მეალილოე მწყემსების დარად ელიან შობას, რომ აყვავდნენ სიხარულისა და დიდების ნიშნად.\r\n\r\nნინო ღამბაშიძე', 'https://www.ambioni.ge/wp-content/uploads/shoba_dzvelad-696x403.jpg', '2025-01-18 15:11:43', 22, 1, NULL),
(11, 'საშობაო იგავი – მართლმადიდებლური მულტფილმი', '', '“ამენ გეტყჳ თქუენ: რაოდენი უყავთ ერთსა ამას მცირეთაგანსა ძმათა ჩემთასა, იგი მე მიყავთ” (მთ. 25:40)', 'https://www.ambioni.ge/wp-content/uploads/sashobao-zgapari-696x357.png', '2025-01-19 23:33:09', 3, 1, NULL),
(13, '4 იანვარი – კათოლიკოს-პატრიარქის დაბადების დღე\r\n', '', 'პატრიარქი 4 იანვარს სრულიად საქართველოს-კათოლიკოს პატრიარქის, უწმიდესისა და უნეტარესის, ილია მეორის დაბადების დღეა. კათოლიკოს-პატრიარქს 92 წელი უსრულდება.\r\n\r\nილია მეორე, ერისკაცობაში ირაკლი შიოლაშვილი, 1933 წლის 4 იანვარს ვლადიკავკაზში, გიორგი ღუდუშაური-შიოლაშვილისა და ნატალია კობაიძის ღვთისმოსავ ოჯახში დაიბადა. 1952 წელს ვლადიკავკაზის 22-ე საშუალო სკოლის დამთავრების შემდეგ სწავლა მოსკოვის სასულიერო სემინარიაში განაგრძო.\r\n\r\n1957 წლის 16 აპრილს სასულიერო აკადემიის მე-2 კურსის სტუდენტი ილია მეორე საქართველოს მაშინდელი კათოლიკოს-პატრიარქის, მელქისედეკ III-ს ლოცვა კურთხევით თბილისის წმ. ალექსანდრე ნეველის სახელობის ტაძარში ბერად აღკვეცეს და მას სახელად ილია უწოდეს. 1960 წელს მოსკოვის სასულიერო აკადემია პირველი ხარისხის დიპლომით დაამთავრა.\r\n\r\n1963 წლის 26 აგვისტოს საქართველოს მაშინდელი კათოლიკოს-პატრიარქის, ეფრემ მეორის მიერ არქიმანდრიტი ილია ბათუმ-შემოქმედის ეპარქიის ეპისკოპოსად აკურთხეს, 1967 წელს კი ცხუმ-აფხაზეთის ეპისკოპოსად გადაიყვანეს. ორი წლის შემდეგ ილია მეორე მიტროპოლიტის ხარისხში აიყვანეს. ილია მეორემ სოხუმში 11 წელი დაჰყო.\r\n\r\nსაქართველოს მაშინდელი კათოლიკოს-პატრიარქის, დავით V გარდაცვალების შემდეგ, 1977 წლის 23 დეკემბერს საქართველოს მართლმადიდებელი ეკლესიის წმიდა სინოდმა კათოლიკოსი ილია მეორე პატრიარქად აირჩია.\r\n\r\nილია მეორის ინტრონიზაცია 1977 წლის 25 დეკემბერს სვეტიცხოვლის საკათედრო ტაძარში მოხდა.\r\n\r\nპატრიარქის აღსაყდრების დროს საქართველოში 15 ეპარქია იყო და დაახლოებით 30-ზე მეტი მოქმედი ტაძარი. დღეისთვის კი 50-მდე ეპარქიაა. გაიზარდა ტაძრების, მონასტრების, ბერ-მონაზვნებისა და სასულიერო პირების რაოდენობა.', 'https://www.ambioni.ge/wp-content/uploads/patriaqri-696x464.jpg', '2025-01-19 22:03:26', 1, 1, NULL),
(14, 'პატრიარქის საახალწლო მილოცვა 2025\r\n', '', 'სრულიად საქართველოს კათოლიკოს-პატრიარქი, მცხეთა-თბილისის მთავარეპისკოპოსი, ბიჭვინთისა და ცხუმ-აფხაზეთის მიტროპოლიტი ილია მეორე მოსახლეობას ახალ წელს ულოცავს.\r\n\r\n“მე დღეს გხვდებით თქვენ, რათა მოგილოცოთ ახალი წელი, იხარეთ ორსავ სოფელსა შინა. ჩვენ უნდა გვახსოვდეს, რომ მომავალი ადამიანისა და ერისა უნდა იყოს მშვიდობიანი. მშვიდობა თქვენ ყველას. ღმერთს მადლობა შევთხოვოთ”, – აცხადებს ილია მეორე საახალწლო მილოცვაში.', 'https://www.ambioni.ge/wp-content/uploads/saaxalwlo_milocva_2025-696x437.png', '2025-01-16 00:28:04', 0, 1, NULL);
INSERT INTO `posts` (`id`, `name`, `small_description`, `description`, `imgs`, `created_at`, `count`, `navs_id`, `video`) VALUES
(15, 'დაუჯდომელი საგალობელი წმიდისა მღუდელმთავრისა სპირიდონისა – ტრიმიფუნტელი საკვირველთმოქმედისა', '', 'ტროპარი, ხმა 1\r\n\r\nპირველსა კრებასა შინა გამოსჩნდი მბრძოლად ძლიერად, საკვირველთ-მოქმედო ღმერთ შემოსილო სპირიდონ , მამაო ჩვენო, მკუდარსა ჰკითხევდ რა, მეყუსეულად ხმა გიყო შენ, რამეთუ გველო ოქროდ შესცვალე, და ლოცვათა შენთა ზედა ანგელოსნი გაქვნდეს თანა-შემწედ და თანა-მწირველად შენ, ყოვლად სამღვდელო, დიდება, რომელმან გადიდა შენ, დიდება, რომელმან გვირგვინოსან გყო შენ, დიდება რომელი იქმს შენ მიერ ყოველთა ზედა სასწაულთა.\r\n\r\nკონდაკი 1\r\n\r\nღმრთისა მიერ უფროსადგანდიდებულო მღვდელთმთავარო და საკვირველთმოქმედო სპირიდონ, მედღესასწაულენი ყოვლადპატიოსნისა ხსენებისა შენისანი ჟამსა ამას, ვითარცა განმადიდებელისა შენისა ქრისტესა, მომართ მეოხსა მრავლისაშემძლებელსა, ლმობიერად გიგალობთ შენ: ყოველთა ჭირთა და ბოროტებათაგან გვიხსენ ჩუენ, რაჲთა მადლობითა ვხმობდეთ შენდა: გიხაროდენ სპირიდონ, ყოვლადსაკვირველო სასწაულთმოქმედო.\r\n\r\nიკოსი 1\r\n\r\nსიყრმითგან განშვენებული ქველისსაქმითა ყოვლითა, ანგელოსთა მობაძავ იქმენ, მღვდელთმთავარო სპირიდონ, გამოსჩნდი შენ ჭეშმარიტად მეგობრად ქრისტესი და ჩუენცა მხედველნი შენნი, ვითარცა ზეცისა კაცისა და ქუეყანისა ანგელოსისანი, ღმრთისმოსაობითა ლმობიერად გიხმობთ შენ:\r\n\r\nგიხაროდენ, გონებაო გულისხმისმყოფელო საიდუმლოისა ყოვლადწმიდისა სამებისაო;\r\nგიხაროდენ, განმდიდრებულო მობერვითა უფროსადგანათლებულისა სულისათაო;\r\nგიხაროდენ, სასანთლეო მრავალსანთლოვანო;\r\nგიხაროდენ, უვნებელობისა მიერ გონებისა შენისა განმანათლებელო;\r\nგიხაროდენ, სიყრმით შენითგან ჭეშმარიტისა სიმარტივისა და მდუმარებისა მოყუარეო;\r\nგიხაროდენ, უმანკოებისა სამკაულო;\r\nგიხაროდენ, დაუშრეტელისა სიყვარულისა მდინარეო;\r\nგიხაროდენ, რამეთუ მობაძავ ექმენ აბრაამსა უცხოთმოყვარებითა;\r\nგიხაროდენ, რამეთუ ბჭენი სახლისა შენისანი სიყვარულისა უხუებითა განუხვენ ყოველთა;\r\nგიხაროდენ, შუამდგომელო უპოვართაო;\r\nგიხაროდენ, რამეთუ შენ გსასოებენ ერნი;\r\nგიხაროდენ, რამეთუ ხარ შენ სამკვიდრებელი სულისა წმიდისა;\r\nგიხაროდენ სპირიდონ, ყოვლადსაკვირველო სასწაულთმოქმედო.\r\n\r\nკონდაკი 2\r\n\r\nრაჟამს იხილნეს კვიპროსისა კუნძულისა ერმან და ყოველთა ქრისტიანეთა, მღვდელმთავარო, რამეთუ უხრწნელთა ნაწილთა შენთაგან კურნებანი უხუებითა აღმოეცენებიან, განიხარეს და ჩუენცა პატივისმცემელნი შენნი, ვითარცა მაღლით გარდამოვლენილისა მადლისა ყოვლადუხვისა წყაროისანი, ვუგალობთ უმაღლესსა მას მომღებელსა ზეციურთა და ქუეყნიერთა კეთილთა: ალილუია.\r\n\r\nიკოსი 2\r\n\r\nცნობაი საღმრთოი გაქუნდა შენ, რაჟამს მწყემსი უსიტყურთა ცხოვართა ნებითა მწყემსთმთავრისა მის ქრისტესითა გამორჩეულ იქმენ მწყსად პირმეტყველთა მათ ცხოვართა და მართალნი ყოველნი, გულისხმისმყოფელნი შენნი, ვითარცა მწყემსისა სახიერისანი, დაუძინებელად მოღუაწისა ცხოვართათვის მინდობილთა მას ზედა, გიგალობენ შენ:\r\n\r\nგიხაროდენ, მღვდელმთავარო ღმრთისა მაღლისაო, ხელდასხმისა მიერ საღმრთოისა მადლისა უხუებითა მომღებელო;\r\nგიხაროდენ, სასანთლეო მრავალსათნლოვანო, მხურვალეო და ბრწყინვალეო;\r\nგიხაროდენ, შეუორგულებელო ქრისტეს მუშაკო და მებაღეო;\r\nგიხაროდენ, მწყემსო, გამომზრდელო სარწმუნოებისა და ღმრთისმოსაობისა საძოვარსა ზედა სამწყსოისა შენისაო;\r\nგიხაროდენ, ქველისსაქმეთა ნათლისა შენისათა განმანათლებელო სოფლისაო;\r\nგიხაროდენ, საყდრისა მიმართ ქრისტესა საღმრთოისა მსხვერპლისა შემწირველო;\r\nგიხაროდენ, მღვდელთავარო, ცნობითა შენითა განმაშვენებელო მართლმადიდებლობისაო;\r\nგიხაროდენ, მოციქულთა ქადაგებისა აღმასრულებელო და წყაროითა მაცხოვნებელისა მოძღურებისათა დამარწყლულებელო მართალთაო;\r\nგიხაროდენ, რამეთუ ბრძენთაცა განანათლებ შენ;\r\nგიხაროდენ, რამეთუ მარტივთაცა გულითა მოჰფენ სინათლესა;\r\nგიხაროდენ, ეკლესიისა და მართლმადიდებლობისა სიტყუისა შეურყეველად დამცუელო;\r\nგიხაროდენ, მამათა სამკაულო, ღმრთისმსახურთა მღუდელთა დიდებაო და სიქადულო;\r\nგიხაროდენ სპირიდონ, ყოვლადსაკვირველო სასწაულთმოქმედო.\r\n\r\nკონდაკი 3\r\n\r\nკურთხეულო ძალითა მაღლისაითა, სპირიდონ მღვდელთმთავარო, ღმრთივგანბრძნობილად გამოსჩნდი შენ და ნებთა შენთა მიერ თიხისა შთაზელვითა პირთა სამებობაჲ ნათლად აჩუენე ყოველთა და მით ფილოსოფოსნი მის კრებისანი ცრუდ-მბრძნობელნი შეაძრწუნენ, ხოლო მართალნი ყოველნი, განმადიდებელნი მიუწვდომელისა ღმრთისანი, ცხოვნებასა შინა განაბრძვენ, მგალობელნი მისდა: ალილუია.\r\n\r\nიკოსი 3\r\n\r\nმამანი კრებისანი გგონებდენ შენ, ვითარცა მარტივსა და გამოუცდელსა წიგნიერსა სწავლებასა შინა და გევედრებოდენ, მამაო სპირიდონ, რაჲთა არას მიუგებდე სიტყუათა რიტორთა მათ, რომელთა ბრძნად ჰგონებდნენ იგინი, ხოლო შენ, მღვდელთმთავარო, აღნთებულმან საღმრთოჲთა შურითა ირწმუნე, ვითარმედ ქადაგებაჲ იგი ქრისტესი არს არა რწმუნებითა კაცობრივისა სიბრძნისა სიტყუათათა, არამედ გამოცხადებითა სულისაჲთა და ძალისაჲთა, რომლითა უბრძნესად ამხილებდი მათდა, ცნობასა მოაგენ და ჭეშმარიტებისა გზასა ზედა დაადგინენ იგინი და ყოველნი, სასწაულისა ამის მხილველნი ხმობდენ:\r\n\r\nგიხაროდენ, ნათელო მართლმადიდებლობისა სიბრძნისაო;\r\nგიხაროდენ, რამეთუ სიტყვითა შენითა სძლიე ცრუდმბრძნობელსა მას თანა მზრახველსა შენსა;\r\nგიხაროდენ, წყაროო მადლის უხუებისაო;\r\nგიხაროდენ, სუეტო შეურყეველო, განმამტკიცებელო მორწმუნეთაო;\r\nგიხაროდენ, დამაბნელებელო ყოველთა წარმწყმედელისა ერესისაო;\r\nგიხაროდენ, რამეთუ შენ მიერ დაითრგუნა სიცოფეჲ ესე;\r\nგიხაროდენ, რამეთუ ხელისა ხორციელისა შენისა თითთა მიერ ჰქადაგე წმიდაჲ სამებაჲ;\r\nგიხაროდენ, რამეთუ თიხისაგან გამოჰხადე ცეცხლსა და წყალსა დასამოწმებლად დოგმატისა წმიდისა სამებისასა;\r\nგიხაროდენ, რამეთუ განანათლენ კაცნი დიდებად სიტყვისა, ვითარცა ჭეშმარიტად ერთარსისა დაუსაბამოისა მამისათა;\r\nგიხაროდენ, რამეთუ თავი გველისა, წარმწყმედელი ერესი არიოზისა მოსწყალ შენ;\r\nგიხაროდენ, რამეთუ ბოროტებაჲ დასთრგუნე;\r\nგიხაროდენ, რამეთუ ცრუ ბრძენი იგი, თანამზრახველი შენი მოაქციე ჭეშმარიტსა სარწმუნოებასა ზედა;\r\nგიხაროდენ სპირიდონ, ყოვლადსაკვირველო სასწაულთმოქმედო.\r\n\r\nკონდაკი 4\r\n\r\nგლახაკობითა და უპოვარებითა განვლე ცხოვრებაჲ ესე და ექმენ მზრდელად და მწედ უქონელთა და ღატაკთა და სიყუარულისათვის გლახაკთა მიმართ გუელი ოქროდ გარდასცვალე და მიჰმადლე იგი მათ, რომელნი მოელოდებოდნენ შენმიერსა შეწევნასა და სასწაულითა ამით განკვირვებულნი უგალობდნენ ღმერთსა: ალილუია.\r\n\r\nიკოსი 4\r\n\r\nესმნეს ყოველგნით ყოველთა, ვითარმედ სპირიდონ მღვდელთმთავარი ჭეშმარიტად არს სამკვიდრებელ სამებისა წმიდისა, რამეთუ მას შინა დაივანა ღმერთმან მამამან, ღმერთმან ძემან და ღმერთმან სულმან წმიდამან. რისთვისცა საქმითა და სიტყვითა ჰქადაგებდი შენ ღმერთსა ჭეშმარიტსა, განხორციელებულსა შორის ქრისტიანეთა, მგალობელთა:\r\n\r\nგიხაროდენ, მესაიდუმლეო ღმრთისა სიტყუისაო;\r\nგიხაროდენ, საღმრთოჲსა განგებულებისა გამომათარგმანებელო ცხოვნებისათვის სოფლისა;\r\nგიხაროდენ, რამეთუ განსწავლიდი არაგამოძიებად მისდა, რომელი უაღმატებულეს არს უფროჲს გონებისა და სიბრძნისა კაცობრივისა;\r\nგიხაროდენ, რამეთუ ძალი ღმრთისაჲ, მოქმედი გამოუკვლეველად გამოვლინდებოდა შორის შენსა;\r\nგიხაროდენ, რამეთუ გვეუწყა უფალი ქადაგებითა შენითა;\r\nგიხაროდენ, რამეთუ დაატკბობ სასმენელსა ყოველთასა;\r\nგიხაროდენ, რამეთუ განსდევნი ბნელსა მას კერპთმსახურებისასა;\r\nგიხაროდენ, რამეთუ მოუძეღ მრავალთა მომართ ჭეშმარიტისა სარწმუნოებისა;\r\nგიხაროდენ, რამეთუ შეჰმუსრე თავი უხილავისა გუელისა;\r\nგიხაროდენ, რამეთუ სარწუნოებაჲ მართლმადიდებელთაჲ განდიდნა შენ მიერ;\r\nგიხაროდენ, რამეთუ ნათლითა განანათლებ ყოველთა, შენთა პატივისმცემელთა;\r\nგიხაროდენ, ქომაგო მართლმადიდებლობისაო და ქრისტიანთა სარწუნოებისაო;\r\nგიხაროდენ სპირიდონ, ყოვლადსაკვირველო სასწაულთმოქმედო.\r\n\r\nკონდაკი 5\r\n\r\nმღვდელთმთავარო სპირიდონ, ქველისმოქმედისა ცხოვრებისა შენისა მიერ აღივსე შენ საღმრთოჲთა სულითა, რამეთუ გამოსჩნდი შენ ვითარცა თვინიერ, მოწყალე, წმიდაჲ გულითა, მოთმინე, ბოროტისა არამომხსენებელ და უცხოთშემწყნარებელ, რისთვისცა შემოქმედისა მიერ სასწაულთაგან განდიდდი და ჩუენცა მადიდებელნი განმადიდებელისა შენისანი ღმრთისა, უგალობთ მას: ალილუია.\r\n\r\nიკოსი 5\r\n\r\nიხილეთ სპირიდონ, ანგელოსთა სწორი და დიდებული სასწაულთმოქმედი: უწვიმობისა და გვალვისა მიერ დიდად ევნო ქუეყანასა ოდესმე იქმნა სიყმილი და წყლულებაჲ და მოისრა სიმრავლეჲ ერისა დიადი, ხოლო ლოცვითა მღვდელთმთავარისათა ცამან წვიმაჲ გარდამოუვლინა ქუეყანასა და კაცნი დახსნილნი ჭირისა ამისაგან მადლობითა ხმობდენ:\r\n\r\nგიხაროდენ, მიმსგავსებულო ილიასა, დიდსა წინასწარმეტყველსა;\r\nგიხაროდენ, რამეთუ წვიმაჲ, განმდევნელი სიყმილისა და უძლურებისა კეთილჟამ გარდამოუვლინე ქუეყანასა;\r\nგიხაროდენ, რამეთუ კუალად ლოცვითა შენითა დაეყენა ცაჲ;\r\nგიხაროდენ, რამეთუ უწყალოჲ ვაჭარი იგი დასაჯე მოკლებითა მონაგებისათა;\r\nგიხაროდენ, რამეთუ საზრდელი უხუებითა მიჰმადლნე ჭირვეულთა ყოველთა;\r\nგიხაროდენ, რამეთუ იღუაწე კაცთათვის კეთილგვამოვნებისათვის ღმრთისა;\r\nგიხაროდენ, რამეთუ აღიღე უძლურებანი უძლურთანი;\r\nგიხაროდენ, შემწეო კაცთა, ღმრთისა მმადლობელთაო;\r\nგიხაროდენ, სნეულთათვის კურნებისა მომნიჭებელო;\r\nგიხაროდენ, რამეთუ შენ მიერ ძრწიან დემონნი;\r\nგიხაროდენ, აღმომაცენებელო მრავალთა სასწაულთაო;\r\nგიხაროდენ სპირიდონ, ყოვლადსაკვირველო სასწაულთმოქმედო.\r\n\r\nკონდაკი 6\r\n\r\nკრეტსაბმელი ტაძრისა ძველისა აღთქმისა შორის წმიდათა წმიდათასა ჰფარვიდა კიდობანსა და მანანასა და ფიცართა სჯულისათა და ტაძარიცა ესე შენი, სპირიდონ მღვდელთმთავარო, დაკრძალავს ლუსკუმასა შენსა, ვითარცა კიდობანსა: წმიდათა ნაწილთა შენთა, ვითარცა მანანასა: და გულსა შენსა, ვითარცა ფიცართა საღმრთოჲსა მადლისათა: და მას ზედა ვხედევთ გალობასა წარწერილსა: ალილუია.\r\n\r\nიკოსი 6\r\n\r\nოდესმე ქუეყანასა მას კვიპროსისასა განმრავლებისათვის უსჯულოებისა, დასასჯელად უნაყოფობაჲ მოუვლინა უფალმან. ხოლო ვინმე ჩინებული ქვეყანისამოქმედი მოვიდოდა წმიდისა სპირიდონისა მომართ და ოქროჲსა მოღებასა ევედრებოდა შეწევნად მისდა, ხოლო შემდგომად განსაცდელისა ოქროჲ იგი კუალად მოიღო ქუეყანისმოქმედმან მან და სასწაულითა დიდითა გველად იქმნა ოქროჲ იგი. ხოლო ჩუენ მადიდებელნი ღმრთისანი წმიდათა შორის თვისთა, ვხმობთ:\r\n\r\nგიხაროდენ, რამეთუ იქმენ მობაძავ მოსესი, რომელმან კუერთხი იგი გუელად გარდასცვალა სასწაულითა;\r\nგიხაროდენ, კაცთმოყვარეო მწყემსო, რომელმან იხსენ ჭირთაგან ცხოვარნი პირმეტყველნი სამწყსოჲსა შენისანი;\r\nგიხაროდენ, ყოველთა კეთილთა უხუებითა განმამდიდრებელო მრავალთაო;\r\nგიხაროდენ, რამეთუ მსგავსად ილიასა მზრდელად ექმენ ღატაკთა;\r\nგიხაროდენ, უწყალოთა მოწყალედ მომაქცეველო;\r\nგიხაროდენ, საბაძველო სიყვარულისაო სახიერო, კაცთათვის მკვიდრთა ამის სოფლისათაო;\r\nგიხაროდენ, მართალთა და უმართლოთათვის ჭირთა შინა ნუგეშინისმცემელო;\r\nგიხაროდენ, ხეო კეთილჩრდილფურცლოვანო, ქუეყანისა და ქალაქთა მფარველო;\r\nგიხაროდენ, დიდებაო და სიქადულო კერკირასო;\r\nგიხაროდენ, წვიმისა და უწვიმობისა, გუალვისა და ყინვისა მბრძანებელო, მადლითა ღმრთისაჲთაო;\r\nგიხაროდენ, ლოცვისა ძალითა ბუნებისა წესისა შემცუალებელო;\r\nგიხაროდენ, მყობადისა, ვითარცა აწმყოჲსა წინასწარმცნობელო;\r\nგიხაროდენ სპირიდონ, ყოვლადსაკვირველო სასწაულთმოქმედო.\r\n\r\nკონდაკი 7\r\n\r\nწინაშე ღმრთისა გამოგვიჩნდი მეოხად ყოველთა, წმიდაო სპირიდონ, ამისთვისცა საფარველსა ქუეშე შენსა მოვილტვით მეძიებელნი ცხოვნებისანი და გვივი შენ შემწედ ყოველსა შინა შეჭირვებასა და სიყმილსა, მოწყლულთა სიკუდილშემოსილითა წყლულებითა, ჭირითა და განსაცდელითა, რისთვისცა მადლობით ვუგალობთ ღმერთსა: ალილუია.\r\n\r\nიკოსი 7\r\n\r\nსასწაული ახალი ღმრთივბრწყინვალეჲ ვიხილეთ: რაჟამს შენ, მამაო, ხვიდოდი დასახსნელად უმართლოდ სასიკვდინედ მსჯავრდებულისა მიმართ და აღძურამან ქარიშხლისამან დაგაბრკოლა ჟამ ერთ: ხოლო შენ უბრძანე მას დაყუდებაი სახელითა ყოვლისაშემძლებელისა ღმრთისაჲთა და თანამავალთა შენთა თანა, ვითარცა ხმელსა, გარდახედ მდინარესა და დიდებაჲ სასწაულისა ამისი ყოველგნით განითქუა და ყოველნი უგალობდნენ ღმერთსა შენდამი ხმობითა:\r\n\r\nგიხაროდენ, რამეთუ მობაძავ იქმენ ისუსა ძისა ნავესა, რომელი, ვითარცა ხმელსა ზედა, გარდახდა მდინარესა იორდანესა;\r\nგიხაროდენ, დამყენებელო წყლისა მდინარებისაო სიტყვითა შენითაო;\r\nგიხაროდენ, რამეთუ აღძრულმან მოწყალებითა იტვირთე გზაჲ ძნელად სავალი;\r\nგიხაროდენ, რამეთუ დაარღვიე ცილისწამებაჲ და უმართლოდ დასჯილი იგი იხსენ დილეგისაგან ბნელისა და სიკუდილისა;\r\nგიხაროდენ, ღმრთისა სახიერისა გზისა მომართ მოსწრაფეო;\r\nგიხაროდენ, მცუელო უმართლოდ განშჯილთაო;\r\nგიხაროდენ, შემცუალებელო წყლისა ბუნებისა წესისაო;\r\nგიხაროდენ, რამეთუ განაბრძვენ მსაჯული და კლვისა ცოდვისაგან იხსენ იგი;\r\nგიხაროდენ, ჭეშმარიტო განმანათლებელო სულთაო;\r\nგიხაროდენ, ძალო საკვირველო, დამყუდებელო წყლისა მდინარებისაო;\r\nგიხაროდენ, დამატკბობელო გულთა კაცთასა, შენდა მომართ მოლტოლვილთაო;\r\nგიხაროდენ, მობაძავო კაცთმოყვარისა აბრაამისაო;\r\nგიხაროდენ სპირიდონ, ყოვლადსაკვირველო სასწაულთმოქმედო.\r\n\r\nკონდაკი 8\r\n\r\nმწირ და ყარიბ იყავ ქუეყანასა ზედა, ვითარცა კაცნი ყოველნი, მღვდელთმთავარო სპირიდონ და ჭეშმარიტად ყოვლისმხედველმან მან დედის მუცლითგან სათნომყოფელად უდიდესად და სასწაულთმოქმედად გამოგაჩინა შენ: ეშმაკთა განსდევნიდი, სნეულებათა ყოველთა და წყლულთა ჰკურნებდი, გულისთქუმასა კაცთასა ხედევდი და ამათ მიერ გამოსჩნდი შენ საკვირველად შორის წმიდათა და ჩუენცა ყოველთათვის კეთილისმოქმედისა ღმრთისა მომართ გალობისა აღმვლენელნი, ვხმობთ მისდა: ალილუია.\r\n\r\nიკოსი 8\r\n\r\nშეძრწუნებულ იქმნა ყოველი სოფელი საშინელებითა მით მრავლითა, რაჟამს ესმნეს, რამეთუ სიკუდილი, სიტყუათა შენთა მიერ უკუაქცევს მკუდართა და ხმობდა:\r\n\r\nგიხაროდენ, რომელმან გარდაცვალებული ასული შენი, გამოსაჩინებელად საუნჯისა მისდა მინდობილისა, განაცხოველე;\r\nგიხაროდენ, რომელმან ქვრივსა მას მწუხარესა, მიმნდობელსა საუნჯისა თვისისასა, ნუგეშინის ეც;\r\nგიხაროდენ, რამეთუ ყრმაჲ იგი მიცვალებული აღადგინე;\r\nგიხაროდენ, რამეთუ დედაჲ მომკუდარი მოულოდებელითა მით სიხარულითა, კვალად განაცხოველე;\r\nგიხაროდენ, რამეთუ მობაძავ ექმენ ილიასა, რომელმან ძესა სარეფთელისა დედაკაცისასა კუალად ცხოვნებაჲ მიჰმადლა ლოცვითა თვისითა;\r\nგიხაროდენ, რამეთუ მობაძავ ექმენ ელისესაცა, ყრმისა მის სიკუდილისაგან დამხსნელსა;\r\nგიხაროდენ, მწყემსო, ყოველთა კაცთა მოყვარეო მხურვალეო;\r\nგიხაროდენ, რომელმან მიტევებაჲ ცოდვათა მიჰმადლე მეძავსა მას დედაკაცსა, რომელი ფერხთა მაგათ შენთა დაალტობდა ცრემლითა თვისითა;\r\nგიხაროდენ, მომხუეჭელო მოშურნეობისაო წმიდისა მის თავისა მოციქულთასაო;\r\nგიხაროდენ, რამეთუ შეუნანებელი დედაკაცი იგი ცოდვილი სალმობიერითა სნეულებითა მოაკუდინე სიტყუითა შენითა;\r\nგიხაროდენ, რომელმან ქუეყანისა ნაყოფიერებაი გამოითხოვე ლოცვათა მიერ შენთა;\r\nგიხაროდენ, რომელმან უეჭველობაჲ აღდგომისა არწმუნე კაცთა;\r\nგიხაროდენ სპირიდონ, ყოვლადსაკვირველო სასწაულთმოქმედო.\r\n\r\nკონდაკი 9\r\n\r\nსულისა ღმრთეებრივისა ბრწყინვალებაჲ გარდამოგევლინა შენ, სპირიდონ მღვდელთმთავარო, ყოვლადბრძნისა სულისა მქონებელსა, რამეთუ სიბრძნითა სიტყუისათა შეიპყრობდი უცნობოთა და სარწმუნოებასა განამტკიცებდი შორის მამათა, სულითა ცნობისაჲთა განანათლებდი გონებათა დაბნელებულთა და სულითა შიშისა ღმრთისათა და ღმრთივსათნოთა ღწვითა სულიცა შენი განიწმიდენ და აწცა, წარდგომილი წინაშე საყდრისა მაღლისათა, ანგელოსთა დასთა თანა უგალობ მას: ალილუია.\r\n\r\nიკოსი 9\r\n\r\nმწყემსმთავარისა მის პირმეტყუელთა ცხოვართათა უფლისა იესუჲსაგან მიიხუენ კუერთხი მწყემსისა, წმიდაო სპირიდონ და შეუცვალებელად ეგე ცხოვრებასა მასვე შინა: უანგარობითა, თვინიერებითა, დათმენითა ყოვლისათა სიყვარულისათვის ღმრთისა, ურცხვენელად იტვირთვე ზრუნვაჲ პირმეტყუელთა მათ ცხოვართა ზედა და ჩუენცა, ყოვლისა ამისა მიერ აღძრულნი, ვადიდებთ ღმერთსა და ვხმობთ შენდამო:\r\n\r\nგიხაროდენ, ქუეყნიერისა დიდებისა მომძაგებელო, ვითარცა ამაოებისაო;\r\nგიხაროდენ, მრავალთა ზესკნელისა მიმართ აღმყვანებელო;\r\nგიხაროდენ, ნაგევად შემრაცხველო სოფლისა ამის შუენიერებისაო;\r\nგიხაროდენ, საჭურჭლეო ზეციურთა კეთილთაო;\r\nგიხაროდენ, უწმიდესო საძოვარო კვიპრელთაო;\r\nგიხაროდენ, რამეთუ მიმტაცებელნი ცხოვართა შენთანი ღმრთისა მიერ შეიკვრენ ბორკილითა უხილავითა;\r\nგიხაროდენ, მამობრივითა სიყვარულითა განმაბრძნობელო მპარავთაო;\r\nგიხაროდენ, ღამე ყოველ სიფხიზლით დაცვისათვის მათთვის ცხოვართა მიმგებელო;\r\nგიხაროდენ, ურჩობითა თიკნისათა, ვითარცა ცნობისა მქონებელისა, ვაჭრისა მის, ფასისა დამფარველისა, მამხილებელო;\r\nგიხაროდენ, ვერცხლისა მის შენისა დამფარველისა სინანულად მომყვანებელო;\r\nგიხაროდენ, რამეთუ დააცხვრე ვეცხლისმოყვარებაჲ მისი განსწავლითა შენითა;\r\nგიხაროდენ სპირიდონ, ყოვლადსაკვირველო სასწაულთმოქმედო.\r\n\r\nკონდაკი 10\r\n\r\nცხოვართა მათ შენთა, შენდა მომართ ღმრთისა მიერ მონდობილთა სულთა დამხსნელო, მღვდელთმთავარო სპირიდონ, ნებითა ღმრთისაჲთა მოწოდებულ იქმენ წარმოჩინებად დიდებისა შენისათა და უფროჲსად დიდებისა ჭეშმარიტისა ღმრთისასა და ქუეყანასაცა ზედა უცხოტომელთასა განადიდებენ სახელსა ღმრთისასა, მგალობელნი ესრეთ: ალილუია.\r\n\r\nიკოსი 10\r\n\r\nწმიდაჲ სპირიდონ, მსწრაფლშემწეჲ და მეოხი ყოველთა მყოფთათვის ჭირთა და მწუხარებათა შინა, ბრძანებითა მეუფისათა, სხუათა მათ მწყემსთა თანა მივიდოდა ანტიოქიასა შინა, სადაცა კონსტანტინე ხელმწიფეჲ იგუემებოდა სნეულებითა; ხოლო შერაეხო მღვდელთმთავარი იგი თავსა მისსა, მსწრაფლ კურნებაჲ აღასრულა მას ზედა და ჩუენცა სასწაულითა მით განკვირვებულნი უგალობთ მას:\r\n\r\nგიხაროდენ, რომელი ძილსა შინა ვითარცა ანგელოსი მაკურნებელად გამოუჩნდი მეფესა;\r\nგიხაროდენ, რომელმან სიყუარულითა საღმრთოჲთა ჟამსა მას სიბერისა შენისასა თავს იდევ გზაჲ იგი საძნელოჲ;\r\nგიხაროდენ, რომელმან ხელმწიფისა მონასა, მცემელსა ღაწუსა შენსა ზედა, მცნებისაებრ უფლისა, მიუპყარ ერთკერძოჲცა;\r\nგიხაროდენ, სუეტო სიმდაბლისაო:\r\nგიხაროდენ, რომელი ლოცვათა შინა შენთა ცრემლთა დათხევითა განკურნებასა მეფისასა ევედრებოდი უფალსა;\r\nგიხაროდენ, რამეთუ დამდაბლებითა თავისა შენისათა განაბრძვე მონაჲ იგი და უკეთური ჩვევაჲ მისი შესცუალე;\r\nგიხაროდენ, რამეთუ გულმოწყალებასა და ღმრთისმოსაობასა შინა მეფეი იგი განსწავლე;\r\nგიხაროდენ, რამეთუ მომმგებელმან ქუეყნიერისა საუნჯისამან უარჰყავ ოქროჲ იგი მეფისაჲ;\r\nგიხაროდენ, რამეთუ მოწაფეჲ იგი შენი ტრიფილიანე განათავისუფლე სიყუარულისაგან ქუეყნიერთა კეთილთა და საღმრთოჲსა მადლისა ჭურჭელად გამოაჩინე იგი;\r\nგიხაროდენ, რამეთუ ჟამსა მას მისვლისა შენისასა ალექსანდრიასა შინა, კერპნი ქუე დაემხნენ;\r\nგიხაროდენ, რამეთუ ეშმაკნიცა გმონებენ შენ;\r\nგიხაროდენ, რამეთუ კერპმსახურებისაგან იხსნენ მრავალნი;\r\nგიხაროდენ სპირიდონ, ყოვლადსაკვირველო სასწაულთმოქმედო.\r\n\r\nკონდაკი 11\r\n\r\nანგელოსთა გალობაჲ გესმნეს, სპირიდონ მღუდელთმთავარო, რაჟამს სამწუხრონი ლოცვანი შენნი აღავლინე ტაძარსა მას შინა და არა ჩნდეს თანამსახურნი შენნი. ხოლო ქალაქისა მის ერნი, მსმენელნი საკვირველისა გალობისანი, მივიდოდიან ტაძრად და რაჟამს ვერავინ იხილიან, მაღლისა ძალთა უგალობდნენ: ალილუია.\r\n\r\nიკოსი 11\r\n\r\nანგელოსთა თანამზრახველი და სხივცისკროვანი მზეჲ სოფლისა ამისა იყავ შენ ქუეყანასა ზედა, სპირიდონ მღუდელთმთავარო, სული შენი მიეც ხელთა უფლისათა, რაჟამს გარდახედ ზეციურსა მას სავანესა, მვედრებელი ყოვლისათვის სოფლისა წინაშე საყდრისა მის მეუფისასა და ჩუენცა მოქალაქენი ქუეყანისა ამისანი, გიმხობთ შენ:\r\n\r\nგიხაროდენ, რამეთუ სოფელსაცა ამას შინა ანგელოსნი გმსახურებდენ შენ;\r\nგიხაროდენ, რამეთუ გესმნეს შენ გალობანი მთავარანგელოსთანი;\r\nგიხაროდენ, ფერისცვალებაო ხილულისა ხატისა ჩუენისაო;\r\nგიხაროდენ, რამეთუ ჟამსა ნაკლულევანებასა მას ზეთისასა საჭურჭლენი ყოველნი ტაძარსა შინა აღავსო უფალმან;\r\nგიხაროდენ, კანდელო ღმრთეებრივისა ნათლისაო;\r\nგიხაროდენ, ჭურჭელო მადლისაო, რომელი მსგავსად ზეთისა უხუებითა აღმოავსებ სულსა შენსა;\r\nგიხაროდენ, წყაროო გამოუკვლეველო, მადლისა მდინარისა ყოველთათვის მარადის აღმომადინებელო;\r\nგიხაროდენ, რამეთუ შენ ზედა ანგელოსნი განკვირდებიან;\r\nგიხაროდენ, დიაკონისა მის ურჩებისა დამსჯელო;\r\nგიხაროდენ, ამპარტავნებისათვის სიტყუათა თვისთა ზედა, მომკლებელო მისგან ხმისა და სიტყუისაო;\r\nგიხაროდენ, რამეთუ ჟამსა მას გვალვისასა, მოულოდნელითა ცუარითა მით მაღლით მოსრულითა, წმიდაჲ თავი ეგე შენი განიგრილე;\r\nგიხაროდენ, რამეთუ ნიშითა მით ჟამი წარდგომისა შენისა წინაშე ღმრთისა განჭვრიტე;\r\nგიხაროდენ სპირიდონ, ყოვლადსაკვირველო სასწაულთმოქმედო.\r\n\r\nკონდაკი 12\r\n\r\nსაფარველ და ნავთსაყუდელ ექმენ ყოველთა შენდა მომართ მოლტოლვილთა ჟამსაცა მას ქუეყნიერისა ცხოვრებისა შენისასა, მღუდელთმთავარო და ნუცა შემდგომად მიცუალებისასა დაგვიტევებ ჩუენ ობლად. ღმერთმან განმარჯუებითა ბუნებისა წესთა ზედა განუხრწნელად დაიცუნა წმიდანი ნაწილნი შენნი, განსამტკიცებელად მართლმადიდებელისა სარწმუნოებისა, კეთილმსახურებისა და ნიშად უკუდავებისა, რისთვისცა ვხმობთ სადიდებელად მისდა: ალილუია.\r\n\r\nიკოსი 12\r\n\r\nგიგალობთ შენ, მღუდელთმთავარო ღმრთისაო, რამეთუ განაკვირვე სოფელი სასწაულთა მათ მიერ, რომელნი აღმოეცენებიან წმიდათა ნაწილთა შენთაგან და ყოველნი სარწმუნოებით მოლტოლვილნი ამბორისყოფად მათდა, სათხოვარისა კეთილად აღსრულებასა მიემთხვევიან. და ჩუენცა, შენდა მომართ სიმტკიცისა მომცემელისა და უხრწნელებისა გვირგვინითა შემამკობელისა და შენ მიერ მოქმედებულისა ღმრთისა განმადიდებელნი, გიგალობთ შენ:\r\n\r\nგიხაროდენ, რომელი ჟამსა მას სიყმილისასა მეზღუაურთა გამოუჩნდი და უბრძანე მოღებაჲ ჭამადისა;\r\nგიხაროდენ, რომელმან წმიდათა ნაწილთა შენთა მიმთხვევითა ბრმათა აღხილვაჲ მიანიჭე;\r\nგიხაროდენ, განუკურნებელისა სენისაგან ყრმისა აღმადგინებელო;\r\nგიხაროდენ, დედაკაცისაგან მის ეშმაკისა განმდევნელო და კურნებისა მიმნიჭებელო;\r\nგიხაროდენ, კერკირას ზესთამბრძოლო;\r\nგიხაროდენ, რომელმან ბოროტნი აგარიანნი განსდევნენ და ნავნი მათნი დაანთქ უფსკრულსა მას შინა;\r\nგიხაროდენ, რომელი ეჩუენე მათ ხელთა შინა მპყრობელად მახვილისა და მტერი იგი აღავსე შიშითა შენითა;\r\nგიხაროდენ, ლათინელთა მხედართმძღუანებელისა დამსჯელო სასტიკითა სიკუდილითაო;\r\nგიხაროდენ, ვენეციისა ქალაქსა შინა ელვისა მიერ დამწუელო გამოსახულებისა მისისაო;\r\nგიხაროდენ, მომსვრელო დასავლეთისა განდგომილებისა და ცრუბრძნობისაო;\r\nგიხაროდენ, განმამტკიცებელო ჭეშმარიტისა და კაცთა მაცხოვნებელისა ერთისა მართლმადიდებელისა სარწმუნოებისაო;\r\nგიხაროდენ სპირიდონ, ყოვლადსაკვირველო სასწაულთმოქმედო.\r\n\r\nკონდაკი 13\r\n\r\nჰოი უფროსადსაკვირველმოქმედო მღუდელთმთავარო ქრისტესო, მამაო სპირიდონ, შემწირველმან აწინდელისა ამის ლოცვისა ჩუენისამან, გვიხსენ ჩუენ ყოველთაგან ჭირთა და ზედამოსლვათა, განამტკიცე მამული ესე ჩუენი მტერთა ჩუენთა ზედა, მოგვმადლენ ჩუენ დატევებაჲ ცოდვათა ჩუენთა და საუკუნოჲსა სიკუდილისაგან იხსენ ყოველნი, შენ მიერ ღმრთისა მიმართ მგალობელნი: ალილუია.\r\n\r\nეს კონდაკი იკითხება 3-გზის; და კვლავ იკოსი 1 და კონდაკი 1.\r\n\r\nლოცვა 1\r\n\r\nჰოი დიდო და ყოვლადსაკვირველო მღუდელთმთავარო ქრისტესო და სასწაულთმოქმედო სპირიდონ, კერკირას სიქადულო, სასანთლეო ყოვლადბრწყინვალეო, ღმრთისა მიმართ მეოხო მხურვალეო და მსწრაფლშუამდგომელო ყოველთათვის, რომელნი შეგივრდებით შენ ვედრებითა. ნიკეისა კრებასა მართლმადიდებელი სარწმუნოებაჲ შორის მამათა ყოვლადდიდებულად გამოათარგმანე შენ, ერთარსებობაჲ სამებისა წმიდისა ძალითა სასწაულებრივითა აჩუენე და საუკუნოდ მოწყალ სწავლებაჲ ერეტიკოსთა. ისმინე ვედრებაჲ ჩუენ ცოდვილთა, მღუდელთმთავარო ქრისტესო და ყოვლადძლიერითა მეოხებითა შენითა წინაშე ღმრთისა, გვიხსნენ ჩუენ ყოველთა ბოროტთა ვითარებათაგან: სიყმილისაგან, რღვნისა, ცეცხლისა და სიკუდილშემოსილისა წყლულებისაგან. რამეთუ ჟამსა ქუეყნიერისა ცხოვრებისა შენისასა ყოველთა ჭირთაგან დაიხსნიდი ერსა შენსა: ზედამოსვლისაგან აგარიანთასა და სიყმილისაგან სცევდი მამულსა შენსა, განუკურნებელისა წყლულებისაგან მეფეჲ აღადგინე და ცოდვილნი მრავალნი სინანულად მოიყვანენ, მკუდარნი განაცხოველენ დიდებულებითა და ცხოვრებისა შენისა სიწმიდითა, ჟამსა მსახურებისასა ტაძარსა მას შინა ანგელოსნი თანამსახურად მოიხუენ; ამით სახითა განგადიდა შენ, ერთგული მონაჲ თვისი, მეუფემან ქრისტემან და გულისხმისყოფაიცა ყოველთა საიდუმლოთა კაცობრივთა საქმეთა მოგემადლა შენ და უმართლოთა ცხოვრებასაცა ამხილებდი. შეეწეოდი შენ მრავალთა, სიღატაკესა და ნაკლულევანებასა შინა მყოფთა, ჟამსა მას სიყმილისასა უხუებითა ზრდიდი უპოვართა მათ და მრავალიცა სხუანი სასწაულნი აღასრულენ შენ სულისა ღმრთისა მიერ შორის შენსა დამკვიდრებულისა; ნუსადა დაგვიტევებ ჩუენცა, მღუდელთმთავარო ქრისტესო, მოგვიხსენე ჩუენ, შვილნი შენნი წინაშე საყდრისა მის ყოვლისამპყრობელისა და ევედრე უფალსა, რაჲთა მრავალთა ცოდვათა მოტევებაჲ მოგუანიჭოს ჩუენ, უჭირველი და მშვიდობითი ცხოვრებაჲ მოგვმადლოს, მოგვივლინოს ურცხუენელი და მყუდროჲ აღსასრული ცხოვრებისა ჩუენისა და ღირს გვყოს ჩუენ საუკუნესა ნეტარებასა და სამარადისოსა დიდებასა, რაჲთა მარადის სადიდებელსა და სამადლობელსა გალობასა აღვავლენდეთ წინაშე მამისა და ძისა და სულისა წმიდისა, აწ და მარადის და უკუნითი უკუნისამდე, ამინ.\r\n\r\nლოცვა 2\r\n\r\nჰოი ყოვლადნეტარო მღუდელთმთავარო სპირიდონ, სათნო ქრისტესო და უდიდებულესო სასწაულთმოქმედო; ანგელოსთა თანა წარდგომილ ხარ წინაშე საყდრისა ღმრთისა, გარდამოიხილე მოწყალითა თუალითა ერსა შენსა ზედა, მვედრებელისა ყოვლადძლიერისა შეწევნისა შენისაჲთა; ევედრე კეთილნაწლეობასა მოწყალისა ღმრთისასა, რაჲთა არა დაგვსაჯოს ჩუენ უსჯულოებათაებრ ჩუენთა, არამედ მოგუაგოს ჩუენ მოწყალებისაებრ თვისისა, ითხოვე ჩუენთვის ქრისტესაგან ღმრთისა ჩუენისა ცხოვრებაჲ მშვიდობითი და უშფოთველი, სიმრთელეჲ სულთა და ხორცთა ჩუენთა, კეთილნაყოფიერებაჲ ქუეყანისა და უხუებითა და კეთილდღეობითა აცხოვნენ ყოველნი, მოგუმადლენ ჩუენ ძალი, რაჲთა არა ბოროტად გარდავაქციოთ ყოველი კეთილად მოვლინებული ჩუენდა ღმრთისა მიერ, არამედ ვყოთ იგინი დიდებად მისა და სიქადულად მეოხებისა შენისა; გვიხსენ ჩუენ სარწმუნოებითა შეუორგულებელითა ღმრთისა მიმართ მოლტოლვილნი, ყოვლისა დანთქმისა და ეშმაკისა ცილისწამებისაგან; ექმენ შენ მწუხარეთა ნუგეშინისმცემელ, უძლურთა – მკურნალ, ზედამოსლვათა შინა – შემწე, ობოლთა – მცუელ, ყმრათა აღმზრდელ, მოხუცთა – განმამტკიცებელ, მოგზაურთა – წარმმართებელად გზისა, მეზღუაურთა – მესაჭეჲ და გვეყავ მეოხ ყოვლადძლიერითა შუამდგომელობითა შენითა – ჩუენ, ცხოვნებისა მვედრებელთა ყოველთა; რაჲთა წინამძღუანებულნი და დაცულნი ლოცვითა შენითა, მიწევნულ ვიქმნეთ საუკუნესა მას მშვიდობასა და შენთანა ერთობითა ვადიდებდეთ ღმერთსა, სამწმიდაობით დიდებულსა, მამასა და ძესა და წმიდასა სულსა, აწ და მარადის და უკუნითი უკუნისამდე, ამინ.\r\n\r\nღირს არს ჭეშმარიტად, რათა გადიდებდეთ, შენ ღვთისმშობელო, რომელი მარადის სანატრელ იქმენ, ყოვლად-უბიწოდ და დედად ღვთისა ჩვენისა. უპატიოსნესსა ქერუბინთასა, და აღმატებით უზესთაესსა სერაბინთასა, განუხრწნელად მშობელსა სიტყვისა ღვთისასა, მხოლოსა ღვთისმშობელსა გალობით გადიდებდეთ.\r\n\r\nდიდება მამასა და ძესა და წმიდასა სულსა აწდა მარადის და უკუნითი უკუნისამდე, ამინ.\r\n\r\nუფალო შეგვიწყალენ (3-ჯერ).\r\n\r\nუფალო, იესო ქრისტე, ძეო ღვთისაო, ლოცვითა ყოვლადწმიდისა დედისა შენისათა, ღირსთა და ღმერთშემოსილთა მამათა ჩვენთათა და ყოველთა წმიდათა, შეგვიწყალენ ჩვენ, ამინ.', 'https://www.ambioni.ge/wp-content/uploads/spiridon-696x957.jpg', '2025-01-19 17:07:25', 14, 1, NULL),
(16, 'დარიალის სამონასტრო კომპლექსის არქიტექტურა', '', 'დარიალის ხეობა ანტიკური ხანის გეოგრაფებისთვისაც კი იყო ცნობილი. უძველესი დროიდან აქ ამიერ და იმიერკავკასიის დამაკავშირებელი გზა გადიოდა. ამ ისტორიულ ადგილზე სამონასტრო კომპლექსის მშენებლობა 2005 წელს დაიწყო. იდეა საქართველოს კათალიკოს-პატრიარქს ილია მეორეს ეკუთვნის.\r\n\r\nმონასტრის მშენებლობისა და გამშვენების ყველა ეტაპზე ჩართულნი არიან აქ მოღვაწე ბერები. მათი უმეტესობა პროფესიონალი ოსტატია, მშენებლობის, მოზაიკის, ქვასთან მუშაობის თუ ჭედურობის საქმეში. პროექტი 12 სხვადასხვა ეკლესიის აშენებას ითვალისწინებს. მშენებლობის პირველი ეტაპი 2011 წელს, მიქაელ და გაბრიელ მთავარანგელოზთა ეკლესიის გახსნით დასრულდა.\r\n\r\nსამონასტრო კომპლექსის მთავარი ტაძარი თავისი პროპორციებით კიდევ ერთ ქართულ ტაძარს იმეორებს, რომელიც XI საუკუნის დასაწყისში ნიკორწმინდაში აიგო. მიუხედავად იმისა, რომ კომპლექსი ახალია, არქიტექტორების გადაწყვეტილებით, ყველა შენობა ნაცრისფერ-ვარდისფერი ქვით აშენდა, რაც მონასტერს სიძველის ეფექტს ანიჭებს.\r\n\r\nმონასტერში გახსნილია ბიბლიოთეკა, ყველის საწარმო და ღვინის უნიკალური მარანი.\r\n\r\nდარიალის ხეობის ბუნება\r\n\r\nმონასტერში ყოველდღიური მსახურება მიმდინარეობს და მისი კარი ყველა სტუმრისთვის ღიაა. კომპლექსის ეზოდან განსაცვიფრებელი ხედი მდინარესა და მის ხეობაზე, უზარმაზარ მთებზე იშლება.\r\n\r\nწყარო: https://georgia.travel/', 'https://www.ambioni.ge/wp-content/uploads/dariali-696x382.png', '2025-01-16 00:32:48', 0, 2, NULL),
(17, 'მუხურის წმ. ნიკოლოზის სახელობის ეკლესია – ჩხოროწყუ', '', 'მუხურის წმ. გიორგისა და წმ. ნიკოლოზის სახელობის ეკლესია – სოფელ მუხურში, ჩხოროწყუს მუნიციპალიტეტი, სამეგრელო. ეკლესია დარბაზული ტიპისაა, წახნაგოვანი აფსიდით, რომელიც გადახურულია ორკალათა კრამიტის სახურავით.\r\n\r\nნაგებია კარგად გათლილი კვადროვანი ქვით. აგებულია 2006 წელს. ეკლესიას შესასვლელი აქვს დასავლეთიდან და სამხრეთიდან, ერთი სარკმელი – დასავლეთიდან, სამხრეთიდან და ჩრდილოეთიდან. ეკლესია ამჟამად მომქმედია', 'https://www.ambioni.ge/wp-content/uploads/mukhuris-tsm-giorgisa-da-tsm-nikolozis-sakhelobis-eklesia-st-george-church-1-696x464.jpg', '2025-01-16 00:32:48', 0, 2, NULL),
(18, 'წალკის ახალქალაქის (დაშბაშის) ღვთისმშობლის ეკლესია', '', 'წალკის ახალქალაქის (დაშბაშის) ღვთისმშობლის ეკლესია ქვემო ქართლის მხარეში, წალკის მუნიციპალიტეტის სოფელ ახალქალაქის (დაშბაშის) ცენტრში მდებარეობს. იგი XI საუკუნით თარიღდება. ეკლესიას ეტყობა აღდგენის კვალი. ძეგლი ამჟამად ძალიან დაზიანებულია, ნაგებობის ჩრდილოეთ კედელი და კამარა თითქმის მთლიანად ჩამონგრეულია.\r\n\r\nდაშბაშის ღვთისმშობლის ეკლესია დარბაზულ ნაგებობას წარმოადგენს, რომელიც აღმოსავლეთით ნალისებური აფსიდით სრულდება. ნაგებობას სახურავის სამხრეთ კალთის აღმოსავლეთ ნაწილში ოთხწახნაგა, თაღებით გახსნილი სამრეკლო-ფანჩატური ადგას. ფასადებზე ყოფილა წარწერები, რომელიც დღეისათვის შემორჩენილი არ არის. წარწერიანი ქვა ყოფილა ეკლესიის ეზოშიც. გვიანი პერიოდის აღდგენისას მშენებლობაში გამოყენებულია უხეშად დამუშავებული რუხი ფერის ქვები, რაც მკვეთრად განსხვევდება ადრეული პერიოდის კარგად თლილი მოწითალო კვადრებისგან. ასევე გვიან პერიოდში შესასვლელსა და ჩრდილოეთის კედლის წყობაში ჩაურთავთ რელიეფური საფლავის ქვები.\r\n\r\nშესასვლელი სამხრეთიდანაა, იგი სწორკუთხაა და გადახურულია დიდი ზომის ბალავრით. ბალავარზე რელიეფური ჯვარია გამოსახული. ტაძრის აღმოსავლეთის სარკმელს მოჩუქურთმებული საპირე აქვს. აღმოსავლეთისა და დასავლეთის სარკმლები თაღოვანია, სამხრეთისა კი – სწორკუთხა. დარბაზის კამარა პილასტრებზე გადაყვანილ თაღებს ეყრდნობოდა. აღმოსავლეთ ფასადზე ასევე გვხვდება ე.წ. ბოლნური ჯვრის გამოსახულება. არქიტექტურული დეტალები და ძველი სამშენებლო ქვები დასაწყობებულია ეკლესიის აღმოსავლეთით და ჩრდილოეთით.\r\n\r\nწყარო: angi.ge', 'https://www.ambioni.ge/wp-content/uploads/walka_gvtismsoblis-eklesia_dashbashi-696x464.jpg', '2025-01-16 00:32:48', 0, 2, NULL),
(19, 'სოფ. დოღლაურში ასი ათასი მოწამის სახელობის ტაძარი იკურთხა (ქარელი)', '', 'მროველ-ურბნელმა მიტროპოლიტმა იობმა (აქიაშვილი) ქარელის მუნიციპალიტეტის სოფელ დოღლაურში ასი ათასი მოწამის სახელობის ტაძარი აკურთხა.\r\n\r\nტაძრის წინამძღვრად დადგინდა მღვდელი იოანე გურეშიძე.', 'https://www.ambioni.ge/wp-content/uploads/dorliauri-696x392.jpg', '2025-01-16 00:32:48', 0, 2, NULL),
(20, 'კალოუბნის წმ. გიორგის ეკლესია – მცხეთის მუნიციპალიტეტი', '', 'XII ს.\r\n\r\nშუა საუკუნეები – IV- XVIII სს./განვითარებული შუა საუკუნეები – X – XV სს.\r\n\r\nკალაუბნის წმ. გიორგის ეკლესია დგას მცხეთის ჩრდილოეთით, 5 კილომეტრზე მდ. მტკვრის მარცხენა ნაპირზე, მაღალი მთის თხემზე. ეკლესიისაკენ, მცხეთა-შიომღვიმის გზიდან, მიდის ბილიკი. ეკლესია აგებულია XII ს.-ში. 1975 წელს ჩაუტარდა გასამაგრებელი და აღდგენითი სამუშაოები. ეკლესია დარბაზულია, ნაგებია ნატეხი ქვით. დასავლეთით მასზე მიდგმულია კოშკისებრი ორსართულიანი ნაგებობა, რომლის ცილინდრული კამარით გადახურული პირველი სართული ეკლესიის კარიბჭის როლს ასრულებს. ეკლესია მთლიანად მოუხატავთ XII ს.-ში. გამოირჩევა დახვეწილი ფერადოვანი გამით – ვარდისფერი, ცისფერი, თეთრი, ბაცი მწვანე ფერები შეხამებულია მოწითალო ყავისფერთან.\r\n\r\nწყარო: www.mtskheta.gov.ge', 'https://www.ambioni.ge/wp-content/uploads/kaloubani-mcxeta-696x461.jpg', '2025-01-20 01:21:04', 3, 2, NULL),
(21, 'ვაზიანის წმ. გიორგის სახელობის ტაძარი ეკურთხა', '', 'სრულიად საქართველოს კათოლიკოს-პატრიარქის ლოცვა-კურთხევით წალკის ეპისკოპოსმა გრიგოლმა (კაცია) აკურთხა ვაზიანში სამხედრო ნაწილის ტერიტორიაზე აგებული წმინდა გიორგის სახელობის ტაძარი (18.10. 2024) .\r\n\r\nსაზეიმო მსახურების დასრულების შემდეგ ტაძრის მიმდებარე ტერიტორიაზე დაირგო საპატრიარქოს ფონდ ,,გაამწვანე საქართველოს“ მიერ გადაცემული 200-მდე ზეთისხილის ხე.', 'https://www.ambioni.ge/wp-content/uploads/vazianis-eklesia-696x464.jpg', '2025-01-18 05:58:58', 1, 2, NULL),
(22, 'საზოგადოების როლი ეკოლოგიურ პრობლემებთან ბრძოლაში', 'საზოგადოება და ეკოლოგიური გამოწვევები.', 'სტატია განიხილავს, თუ როგორ შეუძლია საზოგადოებას მონაწილეობა მიიღოს ეკოლოგიური პრობლემების გადაჭრაში და გარემოს დაცვაში.', 'https://www.ambioni.ge/wp-content/uploads/kitxva-1-696x464.jpg', '2025-01-18 10:10:53', 0, 3, NULL),
(23, 'ახალგაზრდობის ჩართულობა საზოგადოებრივ საქმიანობაში', 'ახალგაზრდობის აქტიურობა საზოგადოებაში.', 'სტატია მიმოიხილავს ახალგაზრდების როლს და მნიშვნელობას საზოგადოებრივ აქტივობებში, მათი ჩართულობის ფორმებსა და შედეგებს.', 'https://www.ambioni.ge/wp-content/uploads/buneba-da-alergia-1024x1024.jpg', '2025-01-18 10:12:01', 0, 3, NULL),
(24, 'ქველმოქმედების კულტურა საქართველოში', 'ქველმოქმედების ტრადიციები საქართველოში.', 'სტატია აღწერს ქველმოქმედების ტრადიციებს საქართველოში, მის განვითარებასა და თანამედროვე მდგომარეობას.', 'https://www.ambioni.ge/wp-content/uploads/stresi-bavshvi-696x696.jpg', '2025-01-18 10:12:24', 0, 3, NULL),
(25, 'სოციალური მედიის გავლენა საზოგადოებაზე', 'სოციალური მედია და მისი გავლენა.', 'სტატია განიხილავს სოციალური მედიის ზეგავლენას საზოგადოების სხვადასხვა ასპექტზე, მათ შორის კომუნიკაციაზე და ინფორმაციის გავრცელებაზე.', 'https://www.ambioni.ge/wp-content/uploads/IMG_7405.jpeg', '2025-01-18 10:12:47', 0, 3, NULL),
(26, 'გენდერული თანასწორობა და საზოგადოების განვითარება', 'გენდერული თანასწორობის მნიშვნელობა.', 'სტატია მიმოიხილავს გენდერული თანასწორობის მნიშვნელობას საზოგადოების განვითარებაში და მის მიღწევის გზებს.', 'https://www.ambioni.ge/wp-content/uploads/shovi_meckeri.jpeg', '2025-01-18 10:13:08', 0, 3, NULL),
(27, 'საზოგადოებრივი ტრანსპორტის როლი ურბანულ განვითარებაში', 'ტრანსპორტი და ურბანული განვითარება.', 'სტატია განიხილავს საზოგადოებრივი ტრანსპორტის მნიშვნელობას ქალაქების განვითარებაში და მის გავლენას მოსახლეობის ცხოვრებაზე.', 'https://www.ambioni.ge/wp-content/uploads/agmasheneblis_moneta.png', '2025-01-18 10:13:31', 1, 3, NULL),
(28, 'განათლების რეფორმები და საზოგადოების რეაქცია', 'განათლების რეფორმები საქართველოში.', 'სტატია მიმოიხილავს განათლების სისტემაში განხორციელებულ რეფორმებს და საზოგადოების დამოკიდებულებას მათ მიმართ.', 'https://www.ambioni.ge/wp-content/uploads/IMG_2603.jpeg', '2025-01-18 10:13:52', 0, 3, NULL),
(29, 'მიგრაცია და მისი გავლენა ქართულ საზოგადოებაზე', 'მიგრაცია და მისი შედეგები.', 'სტატია განიხილავს მიგრაციის პროცესებს საქართველოში და მათ ზეგავლენას ქვეყნის სოციალურ და ეკონომიკურ მდგომარეობაზე.', 'https://www.ambioni.ge/wp-content/uploads/bzis_mochra.jpg', '2025-01-18 10:14:13', 0, 3, NULL),
(30, 'კულტურული მემკვიდრეობის დაცვა და საზოგადოების როლი', 'კულტურული მემკვიდრეობის დაცვა.', 'სტატია მიმოიხილავს საზოგადოების მონაწილეობას კულტურული მემკვიდრეობის დაცვაში და მისი მნიშვნელობას ქვეყნის იდენტობის შენარჩუნებაში.', 'https://www.ambioni.ge/wp-content/uploads/meria-696x463.jpg', '2025-01-18 10:15:00', 1, 3, NULL),
(31, 'ჯანდაცვის სისტემის გამოწვევები და საზოგადოების ჩართულობა', 'ჯანდაცვის სისტემის გამოწვევები.', 'სტატია განიხილავს ჯანდაცვის სისტემის წინაშე მდგარ გამოწვევებს და საზოგადოების როლს მათი გადაჭრის პროცესში.', 'https://www.ambioni.ge/wp-content/uploads/bavshvis-shekeba.jpg', '2025-01-18 10:15:29', 0, 3, NULL),
(32, 'სოციალური სამართლიანობა და საზოგადოების პასუხისმგებლობა', 'სოციალური სამართლიანობის პრინციპები.', 'სტატია მიმოიხილავს სოციალური სამართლიანობის პრინციპებს და საზოგადოების პასუხისმგებლობას მათი დაცვისა და განხორციელების საკითხებში.', 'https://www.ambioni.ge/wp-content/uploads/bavsvis-tamasi.jpg', '2025-01-18 10:15:47', 1, 3, NULL),
(33, 'ტექნოლოგიური ინოვაციები და მათი ზეგავლენა საზოგადოებაზე', 'ტექნოლოგიური პროგრესი საზოგადოებაში.', 'სტატია განიხილავს თანამედროვე ტექნოლოგიური ინოვაციების ზეგავლენას საზოგადოების სხვადასხვა სფეროზე და ცხოვრების სტილზე.', 'https://www.ambioni.ge/wp-content/uploads/omi-da-bavshvebi-696x492.jpg', '2025-01-18 14:38:55', 6, 3, NULL),
(34, 'ბადრიჯნის სალათი – ტრაპეზი', 'გემრიელი ბადრიჯნის სალათი, რომელიც საუკეთესოა როგორც გვერდითი კერძი, ისე სალათად.', 'გემრიელი ბადრიჯნის სალათი, რომელიც საუკეთესოა როგორც გვერდითი კერძი, ისე სალათად.', 'https://www.ambioni.ge/wp-content/uploads/BADRIJNI.jpg', '2025-01-18 10:34:57', 0, 4, NULL),
(35, 'ხორბლის კატლეტი', 'ხორბლისგან დამზადებული კატლეტი, შესანიშნავია როგორც ძირითადი კერძი.', 'ხორბლისგან დამზადებული კატლეტი, შესანიშნავია როგორც ძირითადი კერძი.', 'https://www.ambioni.ge/wp-content/uploads/xorblis-katleti-696x475.jpg', '2025-01-18 10:34:57', 0, 4, NULL),
(36, 'წიწიბურას კატლეტი ყვავილოვანი კომბოსტოთი – ტრაპეზი', 'წიწიბურას კატლეტი, რომელიც იდეალურია ვეგეტარიანული დიეტისთვის.', 'წიწიბურას კატლეტი, რომელიც იდეალურია ვეგეტარიანული დიეტისთვის.', 'https://www.ambioni.ge/wp-content/uploads/wiwibura-yvavilovani.jpg', '2025-01-18 10:34:57', 0, 4, NULL),
(37, 'სატაცურის სალათი – ტრაპეზი', 'გემრიელი სატაცურის სალათი, რომელიც შეგიძლიათ მიირთვათ როგორც ძირითადი კერძი.', 'გემრიელი სატაცურის სალათი, რომელიც შეგიძლიათ მიირთვათ როგორც ძირითადი კერძი.', 'https://www.ambioni.ge/wp-content/plugins/td-composer/legacy/Newspaper/assets/images/no-thumb/td_696x0.png', '2025-01-18 10:34:57', 0, 4, NULL),
(38, 'ყაბაყის სალათი – ტრაპეზი', 'საღები ყაბაყის სალათი, რომელშიც იწერება გემრიელი და საზაფხულო მენიუ.', 'საღები ყაბაყის სალათი, რომელშიც იწერება გემრიელი და საზაფხულო მენიუ.', 'https://www.ambioni.ge/wp-content/plugins/td-composer/legacy/Newspaper/assets/images/no-thumb/td_696x0.png', '2025-01-18 10:34:57', 0, 4, NULL),
(39, 'საეკლესიო ტერმინთა მცირე განმარტებითი ლექსიკონი', 'მინი ლექსიკონი, რომელიც წარმოგიდგენთ საეკლესიო ტერმინებს.', 'მინი ლექსიკონი, რომელიც წარმოგიდგენთ საეკლესიო ტერმინებს.', 'https://www.ambioni.ge/wp-content/plugins/td-composer/legacy/Newspaper/assets/images/no-thumb/td_696x0.png', '2025-01-18 10:34:57', 0, 4, NULL),
(40, 'ბადრიჯნის მწვადი – ტრაპეზი', 'გემრიელი და საზაფხულო ბადრიჯნის მწვადი.', 'გემრიელი და საზაფხულო ბადრიჯნის მწვადი.', 'https://www.ambioni.ge/wp-content/plugins/td-composer/legacy/Newspaper/assets/images/no-thumb/td_696x0.png', '2025-01-18 11:20:38', 2, 4, NULL),
(41, 'ხორბლის სალათი – ტრაპეზი', 'გემრიელი ხორბლის სალათი, რომელიც შეიძლება იყოს საუზმეზე ან სადილზე.', 'გემრიელი ხორბლის სალათი, რომელიც შეიძლება იყოს საუზმეზე ან სადილზე.', 'https://www.ambioni.ge/wp-content/plugins/td-composer/legacy/Newspaper/assets/images/no-thumb/td_696x0.png', '2025-01-18 10:34:57', 0, 4, NULL),
(42, 'წინადაცვეთა უფლისა ჩვენისა იესო ქრისტესი', 'საეკლესიო ტექსტი, რომელიც გასცემს წინადაცვეთის მნიშვნელობას.', 'საეკლესიო ტექსტი, რომელიც გასცემს წინადაცვეთის მნიშვნელობას.', 'https://www.ambioni.ge/wp-content/uploads/winadacveTa.jpg', '2025-01-18 10:34:57', 0, 4, NULL),
(43, 'წმინდა ბასილი დიდის ცხოვრება', 'წმინდა ბასილი დიდის ისტორია და მისი როლი საეკლესიო ცხოვრებაში.', 'წმინდა ბასილი დიდის ისტორია და მისი როლი საეკლესიო ცხოვრებაში.', 'https://www.ambioni.ge/wp-content/uploads/basili-didi-1-696x775.jpg', '2025-01-18 11:52:14', 3, 4, NULL),
(44, 'ღვთისმშობლობა – შობა ყოვლადწმიდისა დედუფლისა ჩვენისა ღვთისმშობელისა და მარადის ქალწულისა მარიამისა', 'ღვთისმშობლობის დღესასწაულის პასაჟი.', 'ღვთისმშობლობის შობის დღე, რომელიც დაფუძნებულია ღვთისმშობლის მარიამის დაბადებაზე.', 'https://www.ambioni.ge/wp-content/uploads/gvtismshobloba.jpg', '2025-01-18 10:43:30', 0, 7, NULL),
(45, 'პატრიარქის კურთხევა ყოვლადწმიდა ღვთისმშობლის შობის დღესასწაულთან დაკავშირებით', 'პატრიარქის კურთხევა, დაკავშირებული ღვთისმშობლის შობის დღესასწაულთან.', 'პატრიარქის კურთხევა, რომელიც შეიცავს ღვთისმშობლის შობის დღესასწაულის.', 'https://www.ambioni.ge/wp-content/uploads/gvtismshobloba_1-696x764.jpg', '2025-01-18 10:43:30', 0, 7, NULL),
(46, '11 სექტემბერი – იოანე ნათლისმცემლის თავის კვეთის დღე', 'იოანე ნათლისმცემლის თავზე სასწაულებრივი კვეთის თარიღი.', '11 სექტემბერი, იოანე ნათლისმცემლის თავის კვეთის დღის მნიშვნელობა.', 'https://www.ambioni.ge/wp-content/uploads/wm-ioane-natlismts-640x480-1.jpg', '2025-01-18 10:43:30', 1, 7, NULL),
(47, 'მარიამობა', 'მარიამობის დღესასწაულის რიტუალები.', 'მარიამობა, რომელიც ქალწული მარიამის წმინდა მიძინებას აღნიშნავს.', 'https://www.ambioni.ge/wp-content/uploads/mariamoba1.jpg', '2025-01-18 10:43:30', 1, 7, NULL),
(48, 'გილოცავთ მარიამობას – ყოვლადწმინდა ღვთისმშობლის მიძინების დღესასწაულს!', 'მარიამობის საზეიმო კურთხევა.', 'გილოცავთ მარიამობას, ყოვლადწმინდა ღვთისმშობლის მიძინების დიდ დღესასწაულს.', 'https://www.ambioni.ge/wp-content/uploads/mariamoba-1-696x463.jpg', '2025-01-18 10:43:30', 0, 7, NULL),
(49, 'ფერისცვალება – სადღესასწაულო ქადაგება (19.08.2024)', 'ფერისცვალების დღესასწაულის ქადაგება.', 'ფერისცვალება, როგორც წმინდა მოვლენა, რომელიც დაკავშირებულია სულიერ ცვლილებასთან.', 'https://www.ambioni.ge/wp-content/uploads/feriscvalebaa.jpg', '2025-01-18 10:43:30', 0, 7, NULL),
(50, 'ელიაობა', 'ელიაობის დღესასწაულის თარიღი.', 'ელიაობის დიდი დღესასწაულის და მისი ისტორიის გამოხატვა.', 'https://www.ambioni.ge/wp-content/uploads/eliaoba-696x463.jpg', '2025-01-18 10:43:30', 12, 7, NULL),
(51, 'წმიდა მღვდელმთავარ ნიკოლოზის სასწაულთმოქმედი ხატი სტავრონიკიტას მონასტრიდან', 'წმიდა ნიკოლოზის სასწაულმოქმედი ხატი, რომელიც სტავრონიკიტას მონასტერში ინახება.', 'სტავრონიკიტას მონასტრიდან მოტანილი წმიდა მღვდელმთავარ ნიკოლოზის სასწაულმოქმედი ხატი. მისი ძალა და მოღვაწეობა დიდად შუქავს ქრისტიანულ გრძელვადიან ტრადიციებს.', 'https://www.ambioni.ge/wp-content/uploads/wminda_nikolozis_xati.jpg', '2025-01-18 10:51:48', 1, 15, NULL),
(52, 'ბოჭორმის წმინდა გიორგის ხატი', 'ბოჭორმის წმინდა გიორგის ხატი და მისი ისტორია.', 'ბოჭორმის წმინდა გიორგის ხატი წარმოადგენს ერთ-ერთ ყველაზე ვრცელ და ცნობილი ხატს საქართველოში.', 'https://www.ambioni.ge/wp-content/uploads/Wminda_giorgi_bochormis-324x400.jpg', '2025-01-18 11:22:10', 1, 15, NULL),
(53, 'შემოქმედის წმინდა გიორგის ხატი', 'შემოქმედის წმინდა გიორგის ხატი, თავისი სულიერი მნიშვნელობით.', 'შემოქმედის წმინდა გიორგის ხატი არის საქართველოს ისტორიული მნიშვნელობის ხატი, რომელიც წმინდა გიორგის გაბრწყინებას წარმოადგენს.', 'https://www.ambioni.ge/wp-content/uploads/semokmedis-wm.giorgis-xati-324x400.jpg', '2025-01-18 10:49:40', 1, 15, NULL),
(54, 'ლოცვანი ყაზანის ღმრთისმშობლის ხატისადმი', 'ლოცვანი ყაზანის ღვთისმშობლის ხატისადმი – ერთ-ერთი უძველესი ხატი.', 'ყაზანის ღვთისმშობლის ხატი წარმოადგენს ღვთის წინაშე მსხვერპლს და საქართველოს დამცველს.', 'https://www.ambioni.ge/wp-content/uploads/Kazan_moscow-324x400.jpg', '2025-01-18 10:49:40', 12, 15, NULL),
(55, 'ყოვლადწმიდა ღვთისმშობლის სასწაულმოქმედი ხატი \"ოქროს ვაშლი\"', 'სასწაულმოქმედი ხატი \"ოქროს ვაშლი\", რომელიც წარმოადგენს ღვთისმშობლის ძლიერ ზეგავლენას.', 'ღვთისმშობლის \"ოქროს ვაშლი\" ხატი ითვლება ერთ-ერთ ყველაზე პატივცემულ და სასწაულმოქმედ ხატად, რომელსაც მრავალი მლოცველი მიადგება.', 'https://www.ambioni.ge/wp-content/uploads/xati-oqros-vasli.jpg', '2025-01-18 10:51:41', 0, 15, NULL),
(56, 'ღვთისმშობლის ხატი \"ბარძიმი შეუსმელი\" – ტროპარი', 'ამ ხატში გამოსახულია ღვთისმშობელი, რომელიც მიყვება წმინდა ტროპარს.', '\"ბარძიმი შეუსმელი\" არის ღვთისმშობლის ხატი, რომელიც განასახიერებს ამაღლებულ რწმენასა და მის მფარველობას, განსაკუთრებით ზიარებისა და ლოცვის პროცესში.', 'https://www.ambioni.ge/wp-content/uploads/sheusmeli-bardzimi-1.jpg', '2025-01-18 10:51:41', 0, 15, NULL),
(57, 'მოხნატინის ღვთისმშობლის ხატი', 'მოხნატინის ხატი წარმოადგენს განსაკუთრებულ წმინდა გამოსახულებას, რომელსაც ისტორიული მნიშვნელობა აქვს.', 'მოხნატინის ღვთისმშობლის ხატი განთქმულია თავისი სულიერი ღირებულებებით და წარმოადგენს ერთ-ერთ ყველაზე მნიშვნელოვან წმინდა ხატებს ქართულ კულტურაში.', 'https://www.ambioni.ge/wp-content/uploads/moxnatinis_rvtismshobeli.jpg', '2025-01-18 10:51:41', 0, 15, NULL),
(58, 'ძველი ქართველი მწიგნობარნი', 'ძველი ქართველი მწიგნობარნი, რომელიც მნიშვნელოვანი როლს ასრულებს ქართული მწიგნობრობის ისტორიაში.', 'ძველი ქართველი მწიგნობარნი, მათი საქმიანობა და დაწერილი ნაწარმოებები საქართველოს კულტურული მემკვიდრეობის ნაწილი გახდა.', 'https://www.ambioni.ge/wp-content/uploads/petre-iberi.jpg', '2025-01-18 10:53:50', 0, 12, NULL),
(59, 'უძველესი ქართული წერილობითი ძეგლები', 'უძველესი ქართული წერილობითი ძეგლები, რომელთა მნიშვნელობა დიდი არის საქართველოს ისტორიისა და კულტურისათვის.', 'უძველესი ქართული წერილობითი ძეგლები განასახიერებენ სულიერ ტრადიციებს და წმინდა წერილებს, რომლებიც ქრისტიანულ კულტურას უწყობს ხელს.', 'https://www.ambioni.ge/wp-content/plugins/td-composer/legacy/Newspaper/assets/images/no-thumb/td_324x400.png', '2025-01-18 10:53:50', 0, 12, NULL),
(60, 'აკაკი წერეთლის ხატწერა', 'აკაკი წერეთლის ხატწერა, რომელიც ერთ-ერთი ყველაზე მნიშვნელოვანი ასპექტია ქართული საეკლესიო ხელოვნებაში.', 'აკაკი წერეთლის წერა, რომელიც დიდ გავლენას ახდენს საეკლესიო ხელოვნებაზე და მის დიდებულებას ხელნაწერთა სახით.', 'https://www.ambioni.ge/wp-content/uploads/akaki-wereteli-xatmweri-324x400.jpg', '2025-01-18 10:53:50', 0, 12, NULL),
(61, 'თიხის ოსტატი – მარიამ მაჭავარიანი', 'თიხის ოსტატი მარიამ მაჭავარიანი, რომელიც თავისი ნამუშევრებით ქართულ ხელოვნებაში იკავებს განსაკუთრებულ ადგილს.', 'მარიამ მაჭავარიანი არის ცნობილი ხელოვანი, რომელიც ნამუშევრებში თანამედროვე და ტრადიციულ სტილებს აერთიანებს.', 'https://www.ambioni.ge/wp-content/plugins/td-composer/legacy/Newspaper/assets/images/no-thumb/td_324x400.png', '2025-01-18 10:53:50', 0, 12, NULL),
(62, 'შორენა ისაკაძის ხატწერა', 'შორენა ისაკაძის ხატწერა, რომელიც ერთ-ერთი გამორჩეული პიროვნებაა ქართული საეკლესიო ხელოვნების ისტორიაში.', 'შორენა ისაკაძე არის ცნობილი ხელოვანი, რომლის ნამუშევრებიც მნიშვნელოვნად წარმოადგენს საეკლესიო ხელოვნების განვითარებას საქართველოში.', 'https://www.ambioni.ge/wp-content/plugins/td-composer/legacy/Newspaper/assets/images/no-thumb/td_324x400.png', '2025-01-18 10:53:50', 0, 12, NULL),
(63, 'ძველი ქართველი მწიგნობარნი', 'ძველი ქართველი მწიგნობარნი, რომელიც მნიშვნელოვანი როლს ასრულებს ქართული მწიგნობრობის ისტორიაში.', 'ძველი ქართველი მწიგნობარნი, მათი საქმიანობა და დაწერილი ნაწარმოებები საქართველოს კულტურული მემკვიდრეობის ნაწილი გახდა.', 'https://www.ambioni.ge/wp-content/uploads/petre-iberi.jpg', '2025-01-18 10:56:13', 0, 12, NULL),
(64, 'უძველესი ქართული წერილობითი ძეგლები', 'უძველესი ქართული წერილობითი ძეგლები, რომელთა მნიშვნელობა დიდი არის საქართველოს ისტორიისა და კულტურისათვის.', 'უძველესი ქართული წერილობითი ძეგლები განასახიერებენ სულიერ ტრადიციებს და წმინდა წერილებს, რომლებიც ქრისტიანულ კულტურას უწყობს ხელს.', 'https://www.ambioni.ge/wp-content/plugins/td-composer/legacy/Newspaper/assets/images/no-thumb/td_324x400.png', '2025-01-18 10:56:13', 0, 12, NULL),
(65, 'აკაკი წერეთლის ხატწერა', 'აკაკი წერეთლის ხატწერა, რომელიც ერთ-ერთი ყველაზე მნიშვნელოვანი ასპექტია ქართული საეკლესიო ხელოვნებაში.', 'აკაკი წერეთლის წერა, რომელიც დიდ გავლენას ახდენს საეკლესიო ხელოვნებაზე და მის დიდებულებას ხელნაწერთა სახით.', 'https://www.ambioni.ge/wp-content/uploads/akaki-wereteli-xatmweri-324x400.jpg', '2025-01-18 10:56:13', 0, 12, NULL),
(66, 'თიხის ოსტატი – მარიამ მაჭავარიანი', 'თიხის ოსტატი მარიამ მაჭავარიანი, რომელიც თავისი ნამუშევრებით ქართულ ხელოვნებაში იკავებს განსაკუთრებულ ადგილს.', 'მარიამ მაჭავარიანი არის ცნობილი ხელოვანი, რომელიც ნამუშევრებში თანამედროვე და ტრადიციულ სტილებს აერთიანებს.', 'https://www.ambioni.ge/wp-content/plugins/td-composer/legacy/Newspaper/assets/images/no-thumb/td_324x400.png', '2025-01-18 10:56:13', 0, 12, NULL),
(67, 'შორენა ისაკაძის ხატწერა', 'შორენა ისაკაძის ხატწერა, რომელიც ერთ-ერთი გამორჩეული პიროვნებაა ქართული საეკლესიო ხელოვნების ისტორიაში.', 'შორენა ისაკაძე არის ცნობილი ხელოვანი, რომლის ნამუშევრებიც მნიშვნელოვნად წარმოადგენს საეკლესიო ხელოვნების განვითარებას საქართველოში.', 'https://www.ambioni.ge/wp-content/plugins/td-composer/legacy/Newspaper/assets/images/no-thumb/td_324x400.png', '2025-01-18 10:56:13', 0, 12, NULL),
(68, 'საქართველო EuroCarto2024-ზე მონაწილეობს', 'საქართველო მონაწილეობს EuroCarto2024-ზე, სადაც წარმოდგენილი იქნება ქვეყნის კულტურა და ისტორია.', 'საქართველო უძველესი ისტორიის მქონე ქვეყანა EuroCarto2024-ზე უნიკალური წარმოდგენით მონაწილეობს.', 'https://www.ambioni.ge/wp-content/uploads/EuroCarto2024-696x215.png', '2025-01-18 10:57:58', 1, 10, NULL),
(69, 'ბებრის ციხე – მცხეთის მუნიციპალიტეტი', 'ბებრის ციხე ერთ-ერთი მნიშვნელოვანი ისტორიული ძეგლია მცხეთის მუნიციპალიტეტში.', 'ბებრის ციხე, რომლის აღმართიც მთიან რეგიონშია, წარმოადგენს ციხესიმაგრეს, რომელიც ისტორიულ და კულტურულ მნიშვნელობას ატარებს.', 'https://www.ambioni.ge/wp-content/uploads/bebris-cixe-324x400.jpg', '2025-01-18 10:57:48', 0, 10, NULL),
(70, 'ვაჟა-ფშაველა მეგობრებისა და ოჯახის წევების გარემოცვაში', 'ვაჟა-ფშაველა ერთ-ერთი ყველაზე ცნობილი ქართველი მწერალია, რომელიც ყოველთვის ოჯახთან და მეგობრებთან გარემოცვაში იყო.', 'ვაჟა-ფშაველა, როგორც მნიშვნელოვანი ფიგურა ქართული მწერლობის ისტორიაში, ხშირად ასახავდა საკუთარ ცხოვრებას და გარემოს.', 'https://www.ambioni.ge/wp-content/uploads/vaja-da-megobrebi-324x400.jpg', '2025-01-18 10:57:48', 0, 10, NULL),
(71, 'ყინწვისის სამონასტრო კომპლექსში ძეგლის გაწმენდითი სამუშაოები ჩატარდა', 'ყინწვისის სამონასტრო კომპლექსში ჩატარებული გაწმენდითი სამუშაოები დაეხმარა ძეგლის მდგომარეობის გაუმჯობესებას.', 'ყინწვისის სამონასტრო კომპლექსში წმინდა ძეგლების აღდგენა და შენარჩუნება მნიშვნელოვანი ამოცანა იყო კულტურული მემკვიდრეობის დასაცავად.', 'https://www.ambioni.ge/wp-content/uploads/yinwvisi.jpg', '2025-01-18 10:58:06', 1, 10, NULL),
(72, 'ნიკო ფიროსმანაშვილის სახელმწიფო მუზეუმი', 'ნიკო ფიროსმანაშვილის სახელმწიფო მუზეუმი არის ადგილი, სადაც მისი ნახატები და ცხოვრებისეული მემკვიდრეობა გვთავაზობენ.', 'ნიკო ფიროსმანაშვილი, რომელიც ერთ-ერთი ყველაზე დიდი ქართველი მხატვარია, თავისი ნამუშევრებით დღესაც დიდი გავლენა აქვს ხელოვნებაზე.', 'https://www.ambioni.ge/wp-content/uploads/firosmanis-muzeumi-324x400.jpg', '2025-01-18 10:57:48', 0, 10, NULL),
(73, 'თენგო', '', 'ჰელლო', 'https://www.ambioni.ge/wp-content/uploads/eliaoba-696x463.jpg', '2025-01-19 18:13:02', 0, 2, NULL),
(74, 'თენგო', '', 'asdads', 'https://www.ambioni.ge/wp-content/uploads/eliaoba-696x463.jpg', '2025-01-19 18:13:11', 0, 1, NULL),
(75, 'თენგო', '', 'asdads', 'https://www.ambioni.ge/wp-content/uploads/eliaoba-696x463.jpg', '2025-01-20 02:32:08', 1, 1, NULL);

-- --------------------------------------------------------

--
-- Table structure for table `reklama`
--

CREATE TABLE `reklama` (
  `id` int(11) NOT NULL,
  `name` text NOT NULL,
  `imgs` text NOT NULL,
  `link` text NOT NULL,
  `created_at` timestamp NOT NULL DEFAULT current_timestamp() ON UPDATE current_timestamp()
) ENGINE=InnoDB DEFAULT CHARSET=utf8mb4 COLLATE=utf8mb4_general_ci;

--
-- Dumping data for table `reklama`
--

INSERT INTO `reklama` (`id`, `name`, `imgs`, `link`, `created_at`) VALUES
(1, 'reklama', 'src/imgs/reklama.png', '?contact', '2025-01-20 03:07:12'),
(2, 'reklama2', 'src/imgs/reklama.png', '?contact', '2025-01-20 02:44:53');

-- --------------------------------------------------------

--
-- Table structure for table `users`
--

CREATE TABLE `users` (
  `id` int(6) UNSIGNED NOT NULL,
  `email` varchar(255) NOT NULL,
  `username` varchar(255) NOT NULL,
  `password` varchar(255) NOT NULL,
  `reg_date` timestamp NOT NULL DEFAULT current_timestamp() ON UPDATE current_timestamp(),
  `is_admin` tinyint(1) DEFAULT 0
) ENGINE=InnoDB DEFAULT CHARSET=utf8mb4 COLLATE=utf8mb4_general_ci;

--
-- Dumping data for table `users`
--

INSERT INTO `users` (`id`, `email`, `username`, `password`, `reg_date`, `is_admin`) VALUES
(2, 'goga@gmail.com', 'goga', '$2y$10$hps8EiHCpPWnQSfCyM1SzO1x9UczLwkb.6b1GaOBpNUarCAJFX3U.', '2025-01-19 22:49:40', 1),
(3, 'tengo@gmail.com', 'tengo', 'tengo123', '2025-01-20 01:56:54', 1);

--
-- Indexes for dumped tables
--

--
-- Indexes for table `admins`
--
ALTER TABLE `admins`
  ADD PRIMARY KEY (`id`),
  ADD UNIQUE KEY `username` (`username`);

--
-- Indexes for table `comments`
--
ALTER TABLE `comments`
  ADD PRIMARY KEY (`id`),
  ADD KEY `post_id` (`post_id`);

--
-- Indexes for table `messages`
--
ALTER TABLE `messages`
  ADD PRIMARY KEY (`id`);

--
-- Indexes for table `navs`
--
ALTER TABLE `navs`
  ADD PRIMARY KEY (`id`);

--
-- Indexes for table `posts`
--
ALTER TABLE `posts`
  ADD PRIMARY KEY (`id`),
  ADD KEY `navs_id` (`navs_id`);

--
-- Indexes for table `reklama`
--
ALTER TABLE `reklama`
  ADD PRIMARY KEY (`id`);

--
-- Indexes for table `users`
--
ALTER TABLE `users`
  ADD PRIMARY KEY (`id`);

--
-- AUTO_INCREMENT for dumped tables
--

--
-- AUTO_INCREMENT for table `admins`
--
ALTER TABLE `admins`
  MODIFY `id` int(11) NOT NULL AUTO_INCREMENT, AUTO_INCREMENT=2;

--
-- AUTO_INCREMENT for table `comments`
--
ALTER TABLE `comments`
  MODIFY `id` int(11) NOT NULL AUTO_INCREMENT, AUTO_INCREMENT=9;

--
-- AUTO_INCREMENT for table `messages`
--
ALTER TABLE `messages`
  MODIFY `id` int(11) NOT NULL AUTO_INCREMENT, AUTO_INCREMENT=8;

--
-- AUTO_INCREMENT for table `navs`
--
ALTER TABLE `navs`
  MODIFY `id` int(11) NOT NULL AUTO_INCREMENT, AUTO_INCREMENT=23;

--
-- AUTO_INCREMENT for table `posts`
--
ALTER TABLE `posts`
  MODIFY `id` int(11) NOT NULL AUTO_INCREMENT, AUTO_INCREMENT=76;

--
-- AUTO_INCREMENT for table `reklama`
--
ALTER TABLE `reklama`
  MODIFY `id` int(11) NOT NULL AUTO_INCREMENT, AUTO_INCREMENT=3;

--
-- AUTO_INCREMENT for table `users`
--
ALTER TABLE `users`
  MODIFY `id` int(6) UNSIGNED NOT NULL AUTO_INCREMENT, AUTO_INCREMENT=4;

--
-- Constraints for dumped tables
--

--
-- Constraints for table `comments`
--
ALTER TABLE `comments`
  ADD CONSTRAINT `comments_ibfk_1` FOREIGN KEY (`post_id`) REFERENCES `posts` (`id`);

--
-- Constraints for table `posts`
--
ALTER TABLE `posts`
  ADD CONSTRAINT `posts_ibfk_1` FOREIGN KEY (`navs_id`) REFERENCES `navs` (`id`);
COMMIT;

/*!40101 SET CHARACTER_SET_CLIENT=@OLD_CHARACTER_SET_CLIENT */;
/*!40101 SET CHARACTER_SET_RESULTS=@OLD_CHARACTER_SET_RESULTS */;
/*!40101 SET COLLATION_CONNECTION=@OLD_COLLATION_CONNECTION */;
